t_s,status,mg
0.096,US,-91.5000
0.384,US,-91.6000
0.671,ST,-91.6000
0.957,ST,-91.6000
1.244,ST,-91.6000
1.532,ST,-91.6000
1.817,ST,-91.6000
2.105,ST,-91.5000
2.393,ST,-91.5000
2.678,ST,-91.5000
2.966,ST,-91.4000
3.253,ST,-91.4000
3.539,ST,-91.4000
3.827,ST,-91.4000
4.114,ST,-91.4000
4.400,ST,-91.4000
4.688,ST,-91.4000
4.975,ST,-91.4000
5.261,ST,-91.3000
5.548,ST,-91.3000
5.836,ST,-91.3000
6.123,ST,-91.3000
6.409,ST,-91.3000
6.697,ST,-91.3000
6.984,ST,-91.3000
7.270,ST,-91.3000
7.557,ST,-91.3000
7.845,ST,-91.4000
8.130,ST,-91.4000
8.418,ST,-91.4000
8.705,ST,-91.4000
8.991,ST,-91.4000
9.279,ST,-91.4000
9.566,ST,-91.5000
9.852,ST,-91.5000
10.139,ST,-91.5000
10.426,ST,-91.6000
10.712,ST,-91.6000
11.000,ST,-91.6000
11.287,ST,-91.6000
11.573,ST,-91.6000
11.860,ST,-91.6000
12.148,ST,-91.7000
12.433,ST,-91.7000
12.721,ST,-91.7000
13.008,ST,-91.7000
13.294,ST,-91.8000
13.581,ST,-91.8000
13.869,ST,-91.8000
14.155,ST,-91.9000
14.442,ST,-91.9000
14.730,ST,-91.9000
15.015,ST,-92.0000
15.303,ST,-92.0000
15.590,ST,-92.0000
15.878,ST,-92.1000
16.163,ST,-92.1000
16.451,ST,-92.1000
16.738,ST,-92.2000
17.024,ST,-92.2000
17.311,ST,-92.2000
17.599,ST,-92.2000
17.885,ST,-92.3000
18.172,ST,-92.3000
18.460,ST,-92.3000
18.745,ST,-92.3000
19.033,ST,-92.3000
19.320,ST,-92.4000
19.606,ST,-92.4000
19.893,ST,-92.4000
20.181,ST,-92.5000
20.466,ST,-92.5000
20.754,ST,-92.5000
21.041,ST,-92.5000
21.327,ST,-92.6000
21.615,ST,-92.6000
21.902,ST,-92.6000
22.188,ST,-92.7000
22.475,ST,-92.7000
22.763,ST,-92.7000
23.048,ST,-92.8000
23.336,ST,-92.8000
23.623,ST,-92.8000
23.909,ST,-92.9000
24.196,ST,-92.9000
24.484,ST,-92.9000
24.772,ST,-92.9000
25.057,ST,-92.9000
25.345,ST,-93.0000
25.632,ST,-93.0000
25.918,ST,-93.0000
26.205,ST,-93.1000
26.493,ST,-93.1000
26.778,US,-93.5000
27.065,US,-93.6000
27.352,ST,-93.6000
27.638,ST,-93.6000
27.925,ST,-93.7000
28.213,ST,-93.7000
28.499,ST,-93.7000
28.786,ST,-93.7000
29.074,ST,-93.7000
29.359,ST,-93.7000
29.647,ST,-93.7000
29.935,ST,-93.8000
30.220,ST,-93.8000
30.507,US,-94.2000
30.795,US,-94.3000
31.081,US,-94.4000
31.368,ST,-94.3000
31.656,ST,-94.3000
31.941,ST,-94.3000
32.229,ST,-94.3000
32.516,ST,-94.3000
32.802,ST,-94.3000
33.090,ST,-94.3000
33.377,ST,-94.3000
33.663,ST,-94.3000
33.950,ST,-94.4000
34.238,ST,-94.4000
34.525,US,-94.7000
34.810,ST,-94.7000
35.098,ST,-94.7000
35.386,ST,-94.7000
35.671,ST,-94.7000
35.959,ST,-94.7000
36.246,ST,-94.7000
36.532,ST,-94.8000
36.819,US,-95.2000
37.107,US,-95.3000
37.392,US,-95.5000
37.680,US,-95.6000
37.967,ST,-95.6000
38.253,ST,-95.5000
38.540,ST,-95.5000
38.828,ST,-95.5000
39.114,ST,-95.5000
39.401,ST,-95.5000
39.689,ST,-95.6000
39.974,ST,-95.6000
40.262,ST,-95.6000
40.549,US,-96.0000
40.835,US,-96.0000
41.122,ST,-96.0000
41.410,ST,-96.1000
41.696,US,-96.2000
41.983,ST,-96.2000
42.271,ST,-96.2000
42.556,ST,-96.2000
42.844,ST,-96.3000
43.131,ST,-96.3000
43.419,ST,-96.3000
43.705,ST,-96.4000
43.992,US,-96.8000
44.279,US,-97.0000
44.565,US,-97.3000
44.852,US,-97.5000
45.140,US,-97.7000
45.425,US,-97.8000
45.713,US,-98.0000
46.000,US,-98.2000
46.286,ST,-98.2000
46.574,ST,-98.3000
46.861,US,-98.4000
47.147,US,-98.5000
47.434,US,-98.6000
47.722,US,-98.7000
48.007,US,-98.8000
48.295,US,-98.9000
48.582,US,-99.0000
48.869,US,-99.2000
49.155,US,-99.4000
49.443,US,-99.6000
49.728,US,-99.7000
50.016,US,-99.9000
50.304,US,-100.1000
50.589,US,-100.2000
50.877,US,-100.3000
51.164,US,-100.4000
51.450,US,-100.5000
51.737,US,-100.6000
52.025,US,-100.7000
52.311,US,-100.8000
52.598,US,-101.0000
52.885,US,-101.1000
53.173,ST,-101.1000
53.458,US,-101.3000
53.746,US,-101.4000
54.034,US,-101.5000
54.319,ST,-101.6000
54.607,ST,-101.6000
54.894,US,-101.8000
55.180,ST,-101.8000
55.467,ST,-101.9000
55.755,ST,-101.9000
56.040,ST,-102.0000
56.328,ST,-102.1000
56.615,ST,-102.1000
56.901,ST,-102.1000
57.188,US,-102.3000
57.476,US,-102.4000
57.762,US,-102.5000
58.049,US,-102.6000
58.337,US,-102.7000
58.622,US,-102.8000
58.910,US,-102.9000
59.197,US,-103.0000
59.483,ST,-103.1000
59.770,US,-103.3000
60.058,US,-103.5000
60.343,US,-103.6000
60.631,US,-103.8000
60.918,US,-104.0000
61.204,US,-104.1000
61.492,US,-104.3000
61.779,ST,-104.3000
62.067,ST,-104.4000
62.352,ST,-104.4000
62.640,ST,-104.3000
62.927,ST,-104.3000
63.213,ST,-104.3000
63.500,ST,-104.3000
63.788,ST,-104.3000
64.074,ST,-104.3000
64.361,ST,-104.3000
64.649,ST,-104.3000
64.935,ST,-104.2000
65.222,ST,-104.2000
65.510,ST,-104.2000
65.795,ST,-104.2000
66.083,ST,-104.3000
66.371,ST,-104.3000
66.656,ST,-104.3000
66.944,ST,-104.3000
67.231,ST,-104.3000
67.517,ST,-104.3000
67.804,ST,-104.3000
68.092,ST,-104.3000
68.378,ST,-104.4000
68.665,ST,-104.4000
68.953,ST,-104.4000
69.238,ST,-104.4000
69.526,ST,-104.5000
69.813,ST,-104.5000
70.098,US,-105.0000
70.385,US,-105.2000
70.673,US,-105.3000
70.958,US,-105.5000
71.246,US,-105.7000
71.533,US,-105.8000
71.821,US,-105.9000
72.107,ST,-106.0000
72.394,ST,-106.1000
72.682,ST,-106.2000
72.967,ST,-106.3000
73.255,ST,-106.3000
73.542,ST,-106.4000
73.828,ST,-106.5000
74.115,US,-106.6000
74.403,US,-106.8000
74.688,US,-106.9000
74.976,US,-107.0000
75.263,ST,-107.0000
75.549,ST,-107.1000
75.837,ST,-107.1000
76.124,ST,-107.0000
76.410,ST,-107.0000
76.697,ST,-107.0000
76.985,ST,-107.0000
77.270,ST,-107.0000
77.558,ST,-107.0000
77.846,ST,-106.9000
78.131,ST,-106.9000
78.419,ST,-106.9000
78.706,ST,-106.9000
78.992,ST,-106.9000
79.280,ST,-106.9000
79.567,ST,-106.9000
79.853,ST,-106.9000
80.140,ST,-106.9000
80.428,ST,-106.9000
80.715,US,-107.2000
81.000,ST,-107.2000
81.288,ST,-107.3000
81.575,US,-107.4000
81.861,ST,-107.5000
82.148,US,-107.7000
82.436,US,-107.8000
82.722,US,-107.9000
83.009,ST,-108.0000
83.297,US,-108.1000
83.582,US,-108.2000
83.870,ST,-108.2000
84.157,ST,-108.2000
84.443,ST,-108.2000
84.730,ST,-108.3000
85.018,ST,-108.3000
85.304,ST,-108.3000
85.591,ST,-108.4000
85.879,ST,-108.4000
86.164,ST,-108.4000
86.451,US,-108.7000
86.739,ST,-108.8000
87.025,ST,-108.9000
87.312,US,-109.0000
87.600,US,-109.2000
87.885,ST,-109.2000
88.173,ST,-109.2000
88.460,ST,-109.2000
88.746,ST,-109.2000
89.034,ST,-109.2000
89.321,ST,-109.2000
89.607,ST,-109.2000
89.894,ST,-109.2000
90.182,ST,-109.2000
90.470,ST,-109.2000
90.755,ST,-109.2000
91.043,ST,-109.3000
91.330,US,-109.6000
91.615,US,-109.7000
91.903,US,-109.9000
92.190,ST,-109.9000
92.476,ST,-110.0000
92.763,ST,-110.0000
93.051,US,-110.2000
93.336,US,-110.3000
93.624,US,-110.4000
93.912,US,-110.5000
94.197,US,-110.7000
94.485,US,-110.9000
94.772,US,-111.0000
95.058,US,-111.1000
95.345,US,-111.2000
95.633,ST,-111.3000
95.918,ST,-111.4000
96.206,US,-111.5000
96.494,US,-111.7000
96.779,ST,-111.7000
97.066,ST,-111.8000
97.354,ST,-111.9000
97.639,ST,-112.0000
97.927,ST,-112.1000
98.215,ST,-112.1000
98.502,ST,-112.2000
98.788,US,-112.3000
99.075,ST,-112.3000
99.363,ST,-112.4000
99.648,US,-112.6000
99.936,US,-112.7000
100.223,US,-112.9000
100.509,US,-113.1000
100.796,US,-113.2000
101.084,US,-113.4000
101.369,US,-113.5000
101.657,US,-113.6000
101.945,US,-113.8000
102.230,US,-113.9000
102.518,US,-114.1000
102.805,US,-114.2000
103.091,US,-114.4000
103.378,US,-114.5000
103.666,US,-114.6000
103.951,ST,-114.7000
104.239,ST,-114.8000
104.526,ST,-114.9000
104.812,ST,-114.9000
105.100,ST,-115.0000
105.387,ST,-115.1000
105.673,US,-115.2000
105.960,US,-115.3000
106.248,ST,-115.4000
106.533,US,-115.6000
106.821,US,-115.7000
107.108,US,-115.8000
107.394,ST,-115.9000
107.681,ST,-116.0000
107.969,US,-116.1000
108.254,ST,-116.1000
108.542,ST,-116.1000
108.830,ST,-116.1000
109.117,ST,-116.2000
109.403,ST,-116.2000
109.690,ST,-116.2000
109.978,ST,-116.2000
110.264,ST,-116.2000
110.551,ST,-116.2000
110.839,ST,-116.3000
111.124,US,-116.6000
111.412,US,-116.9000
111.699,US,-117.1000
111.984,US,-117.2000
112.272,US,-117.3000
112.560,US,-117.4000
112.845,ST,-117.4000
113.133,ST,-117.5000
113.420,ST,-117.5000
113.706,ST,-117.5000
113.993,ST,-117.5000
114.281,ST,-117.6000
114.566,US,-117.9000
114.854,US,-118.0000
115.142,US,-118.1000
115.427,US,-118.3000
115.714,US,-118.4000
116.002,US,-118.5000
116.288,US,-118.6000
116.575,US,-118.8000
116.863,US,-118.9000
117.148,US,-119.1000
117.436,US,-119.2000
117.723,US,-119.3000
118.009,US,-119.4000
118.296,ST,-119.4000
118.584,ST,-119.4000
118.871,ST,-119.5000
119.157,ST,-119.5000
119.445,ST,-119.5000
119.732,ST,-119.5000
120.018,ST,-119.6000
120.305,US,-119.9000
120.593,US,-120.1000
120.878,US,-120.2000
121.166,US,-120.4000
121.453,US,-120.6000
121.739,US,-120.8000
122.027,US,-120.9000
122.314,ST,-120.9000
122.599,ST,-120.8000
122.887,ST,-120.8000
123.175,ST,-120.8000
123.460,ST,-120.7000
123.748,ST,-120.7000
124.035,ST,-120.7000
124.321,ST,-120.7000
124.609,ST,-120.6000
124.896,ST,-120.6000
125.182,ST,-120.7000
125.469,ST,-120.7000
125.757,ST,-120.7000
126.042,ST,-120.7000
126.330,ST,-120.7000
126.618,ST,-120.7000
126.903,ST,-120.7000
127.191,ST,-120.7000
127.479,ST,-120.8000
127.766,ST,-120.8000
128.052,ST,-120.8000
128.339,ST,-120.8000
128.627,ST,-120.8000
128.912,ST,-120.8000
129.200,ST,-120.9000
129.487,ST,-120.9000
129.772,US,-121.3000
130.059,US,-121.5000
130.347,ST,-121.5000
130.633,ST,-121.5000
130.920,ST,-121.6000
131.208,ST,-121.6000
131.493,ST,-121.6000
131.781,ST,-121.6000
132.069,ST,-121.6000
132.354,ST,-121.6000
132.642,ST,-121.7000
132.929,US,-122.0000
133.215,US,-122.1000
133.502,US,-122.3000
133.789,US,-122.5000
134.075,US,-122.6000
134.363,US,-122.7000
134.650,ST,-122.7000
134.936,ST,-122.8000
135.223,ST,-122.8000
135.511,ST,-122.9000
135.796,ST,-123.0000
136.084,US,-123.1000
136.371,US,-123.3000
136.659,US,-123.4000
136.945,US,-123.6000
137.232,US,-123.8000
137.520,ST,-123.8000
137.805,ST,-123.9000
138.093,ST,-123.9000
138.380,ST,-123.9000
138.666,ST,-123.9000
138.953,ST,-123.9000
139.241,ST,-123.9000
139.527,ST,-123.8000
139.814,ST,-123.8000
140.102,ST,-123.8000
140.387,ST,-123.8000
140.675,ST,-123.8000
140.962,ST,-123.9000
141.248,ST,-123.9000
141.536,ST,-123.9000
141.823,ST,-123.9000
142.109,ST,-123.9000
142.396,ST,-123.9000
142.684,ST,-124.0000
142.970,ST,-124.0000
143.257,ST,-124.0000
143.545,ST,-124.0000
143.830,ST,-124.0000
144.118,ST,-124.1000
144.405,ST,-124.1000
144.691,ST,-124.1000
144.978,ST,-124.1000
145.266,ST,-124.1000
145.552,ST,-124.2000
145.839,ST,-124.2000
146.127,ST,-124.2000
146.414,ST,-124.2000
146.700,ST,-124.2000
146.987,ST,-124.3000
147.275,ST,-124.3000
147.562,ST,-124.3000
147.848,ST,-124.3000
148.136,ST,-124.3000
148.421,ST,-124.4000
148.708,ST,-124.4000
148.996,ST,-124.4000
149.282,ST,-124.4000
149.569,ST,-124.5000
149.857,ST,-124.5000
150.142,ST,-124.5000
150.430,ST,-124.6000
150.717,ST,-124.6000
151.003,ST,-124.6000
151.290,ST,-124.6000
151.578,ST,-124.7000
151.863,ST,-124.7000
152.151,ST,-124.7000
152.439,ST,-124.8000
152.724,ST,-124.8000
153.012,ST,-124.8000
153.299,ST,-124.9000
153.585,ST,-124.9000
153.872,ST,-124.9000
154.160,ST,-125.0000
154.445,ST,-125.0000
154.732,US,-125.6000
155.019,US,-125.8000
155.305,US,-125.9000
155.592,US,-126.0000
155.880,ST,-126.0000
156.168,ST,-126.0000
156.453,ST,-126.0000
156.741,ST,-126.0000
157.028,ST,-126.0000
157.314,ST,-126.0000
157.601,ST,-126.0000
157.889,ST,-126.0000
158.175,ST,-126.0000
158.462,ST,-126.1000
158.750,ST,-126.1000
159.035,ST,-126.1000
159.323,ST,-126.2000
159.611,ST,-126.2000
159.896,ST,-126.2000
160.184,ST,-126.2000
160.471,ST,-126.2000
160.757,ST,-126.2000
161.045,ST,-126.2000
161.332,ST,-126.3000
161.618,ST,-126.3000
161.905,ST,-126.3000
162.193,ST,-126.4000
162.478,ST,-126.4000
162.766,ST,-126.4000
163.053,ST,-126.4000
163.339,ST,-126.4000
163.627,ST,-126.4000
163.914,ST,-126.4000
164.200,ST,-126.4000
164.487,ST,-126.4000
164.775,ST,-126.5000
165.062,ST,-126.5000
165.348,ST,-126.5000
165.635,ST,-126.5000
165.923,ST,-126.5000
166.208,ST,-126.5000
166.496,ST,-126.5000
166.783,ST,-126.5000
167.069,ST,-126.5000
167.357,ST,-126.5000
167.644,ST,-126.5000
167.930,ST,-126.5000
168.217,ST,-126.5000
168.505,ST,-126.5000
168.790,ST,-126.5000
169.078,ST,-126.5000
169.365,ST,-126.5000
169.651,ST,-126.5000
169.938,US,-126.7000
170.225,US,-126.9000
170.510,ST,-126.9000
170.798,ST,-126.9000
171.086,ST,-126.9000
171.371,ST,-127.0000
171.659,ST,-127.1000
171.946,ST,-127.1000
172.232,ST,-127.1000
172.520,ST,-127.1000
172.807,ST,-127.1000
173.093,ST,-127.1000
173.380,ST,-127.1000
173.668,ST,-127.1000
173.953,ST,-127.1000
174.241,ST,-127.1000
174.529,ST,-127.2000
174.816,ST,-127.2000
175.102,ST,-127.2000
175.389,ST,-127.2000
175.677,ST,-127.2000
175.963,ST,-127.2000
176.250,ST,-127.3000
176.538,ST,-127.3000
176.823,ST,-127.3000
177.111,ST,-127.4000
177.398,ST,-127.4000
177.684,ST,-127.4000
177.971,ST,-127.5000
178.259,ST,-127.5000
178.545,ST,-127.6000
178.832,ST,-127.6000
179.120,ST,-127.6000
179.405,ST,-127.7000
179.693,ST,-127.7000
179.980,ST,-127.7000
180.266,ST,-127.8000
180.553,ST,-127.8000
180.841,ST,-127.9000
181.127,ST,-127.9000
181.414,ST,-127.9000
181.702,ST,-128.0000
181.987,ST,-128.0000
182.275,ST,-128.0000
182.562,ST,-128.0000
182.848,ST,-128.0000
183.135,ST,-128.0000
183.423,ST,-128.0000
183.710,ST,-128.0000
183.996,ST,-128.0000
184.283,ST,-128.0000
184.571,ST,-128.0000
184.856,ST,-127.9000
185.144,ST,-127.9000
185.432,ST,-127.9000
185.717,ST,-127.9000
186.005,ST,-127.9000
186.292,ST,-127.9000
186.578,ST,-127.8000
186.865,ST,-127.8000
187.153,ST,-127.8000
187.438,ST,-127.8000
187.726,ST,-127.8000
188.013,ST,-127.7000
188.299,ST,-127.7000
188.586,ST,-127.7000
188.874,ST,-127.7000
189.160,ST,-127.6000
189.447,ST,-127.6000
189.735,ST,-127.6000
190.020,ST,-127.5000
190.308,ST,-127.5000
190.595,ST,-127.4000
190.881,ST,-127.4000
191.168,ST,-127.3000
191.456,ST,-127.3000
191.741,ST,-127.2000
192.029,ST,-127.2000
192.316,ST,-127.2000
192.602,ST,-127.2000
192.889,ST,-127.1000
193.177,ST,-127.1000
193.465,ST,-127.1000
193.750,ST,-127.1000
194.038,ST,-127.1000
194.325,ST,-127.2000
194.611,ST,-127.2000
194.898,ST,-127.2000
195.186,ST,-127.2000
195.472,ST,-127.2000
195.759,ST,-127.2000
196.047,ST,-127.2000
196.332,ST,-127.3000
196.620,ST,-127.3000
196.909,ST,-127.3000
197.194,ST,-127.3000
197.480,ST,-127.3000
197.768,ST,-127.3000
198.053,ST,-127.3000
198.341,ST,-127.2000
198.628,ST,-127.2000
198.914,ST,-127.2000
199.201,ST,-127.2000
199.489,ST,-127.2000
199.775,ST,-127.2000
200.062,ST,-127.1000
200.350,ST,-127.1000
200.635,ST,-127.1000
200.923,ST,-127.1000
201.210,ST,-127.1000
201.496,ST,-127.1000
201.783,ST,-127.1000
202.071,ST,-127.1000
202.358,ST,-127.0000
202.644,ST,-127.0000
202.931,ST,-127.0000
203.219,ST,-127.0000
203.504,ST,-127.0000
203.792,ST,-127.0000
204.080,ST,-127.0000
204.364,US,-127.4000
204.652,US,-127.4000
204.939,ST,-127.4000
205.225,ST,-127.4000
205.512,ST,-127.4000
205.800,ST,-127.4000
206.086,ST,-127.4000
206.373,ST,-127.4000
206.661,ST,-127.4000
206.946,ST,-127.4000
207.234,ST,-127.4000
207.522,ST,-127.4000
207.807,ST,-127.4000
208.095,ST,-127.4000
208.382,ST,-127.5000
208.668,ST,-127.5000
208.956,ST,-127.5000
209.243,ST,-127.5000
209.529,ST,-127.5000
209.816,ST,-127.5000
210.104,ST,-127.5000
210.389,ST,-127.5000
210.677,ST,-127.5000
210.965,ST,-127.5000
211.250,ST,-127.5000
211.538,ST,-127.5000
211.825,ST,-127.5000
212.113,ST,-127.5000
212.398,ST,-127.5000
212.686,ST,-127.5000
212.973,ST,-127.6000
213.259,ST,-127.6000
213.546,ST,-127.6000
213.834,ST,-127.6000
214.120,ST,-127.6000
214.407,ST,-127.6000
214.695,ST,-127.7000
214.980,ST,-127.7000
215.267,US,-128.2000
215.554,US,-128.3000
215.840,US,-128.4000
216.127,ST,-128.4000
216.415,ST,-128.5000
216.700,US,-128.6000
216.988,US,-128.7000
217.276,ST,-128.7000
217.561,ST,-128.8000
217.849,US,-129.0000
218.136,US,-129.1000
218.422,ST,-129.1000
218.709,ST,-129.1000
218.997,ST,-129.2000
219.282,ST,-129.2000
219.570,ST,-129.2000
219.857,ST,-129.3000
220.143,ST,-129.3000
220.430,US,-129.7000
220.718,US,-129.8000
221.005,US,-130.0000
221.291,US,-130.2000
221.579,ST,-130.2000
221.866,ST,-130.2000
222.152,ST,-130.3000
222.439,US,-130.4000
222.727,ST,-130.4000
223.012,ST,-130.4000
223.300,ST,-130.5000
223.588,ST,-130.5000
223.873,US,-130.8000
224.160,ST,-130.8000
224.448,ST,-130.9000
224.733,US,-131.1000
225.021,US,-131.3000
225.309,US,-131.4000
225.594,US,-131.6000
225.882,US,-131.7000
226.169,US,-131.8000
226.455,US,-131.9000
226.742,US,-132.0000
227.030,ST,-132.0000
227.315,ST,-132.1000
227.603,ST,-132.2000
227.890,US,-132.3000
228.176,US,-132.5000
228.464,ST,-132.5000
228.751,ST,-132.6000
229.037,ST,-132.6000
229.324,ST,-132.7000
229.612,ST,-132.7000
229.897,ST,-132.7000
230.185,ST,-132.7000
230.472,ST,-132.7000
230.760,ST,-132.8000
231.046,ST,-132.8000
231.333,ST,-132.8000
231.621,ST,-132.8000
231.907,ST,-132.8000
232.194,ST,-132.9000
232.482,ST,-132.9000
232.767,US,-133.3000
233.054,US,-133.4000
233.342,ST,-133.5000
233.627,US,-133.6000
233.915,US,-133.7000
234.202,US,-133.8000
234.488,US,-133.9000
234.775,US,-134.1000
235.063,US,-134.2000
235.348,US,-134.3000
235.636,US,-134.4000
235.923,US,-134.5000
236.209,US,-134.6000
236.497,ST,-134.6000
236.784,ST,-134.7000
237.070,US,-134.8000
237.357,US,-134.9000
237.645,US,-135.0000
237.930,US,-135.1000
238.218,US,-135.2000
238.506,ST,-135.3000
238.791,US,-135.5000
239.079,US,-135.6000
239.366,US,-135.8000
239.651,US,-135.9000
239.939,ST,-135.9000
240.227,ST,-136.0000
240.514,ST,-136.0000
240.800,ST,-136.1000
241.087,ST,-136.1000
241.375,ST,-136.1000
241.660,ST,-136.1000
241.948,ST,-136.1000
242.236,ST,-136.1000
242.521,ST,-136.1000
242.809,ST,-136.1000
243.096,ST,-136.1000
243.382,ST,-136.1000
243.670,ST,-136.1000
243.957,ST,-136.1000
244.243,ST,-136.1000
244.530,ST,-136.1000
244.818,ST,-136.1000
245.103,US,-136.5000
245.390,US,-136.6000
245.678,US,-136.8000
245.963,US,-136.9000
246.251,US,-137.0000
246.538,ST,-137.0000
246.824,ST,-137.1000
247.112,US,-137.3000
247.399,ST,-137.3000
247.685,ST,-137.3000
247.972,ST,-137.4000
248.260,ST,-137.4000
248.545,ST,-137.4000
248.833,ST,-137.4000
249.121,ST,-137.4000
249.408,ST,-137.4000
249.694,ST,-137.4000
249.981,ST,-137.4000
250.269,ST,-137.4000
250.555,ST,-137.4000
250.842,ST,-137.4000
251.130,ST,-137.5000
251.415,ST,-137.5000
251.702,US,-137.9000
251.990,US,-138.1000
252.275,ST,-138.1000
252.563,ST,-138.2000
252.850,ST,-138.2000
253.136,ST,-138.3000
253.423,ST,-138.3000
253.711,ST,-138.3000
253.997,ST,-138.3000
254.284,ST,-138.3000
254.572,ST,-138.3000
254.857,ST,-138.3000
255.145,ST,-138.4000
255.433,ST,-138.4000
255.718,ST,-138.4000
256.005,US,-138.8000
256.293,US,-138.9000
256.578,ST,-138.9000
256.866,ST,-139.0000
257.153,ST,-139.0000
257.439,ST,-139.1000
257.727,ST,-139.1000
258.014,ST,-139.2000
258.300,ST,-139.1000
258.587,US,-93.6000
258.874,US,-35.6000
259.162,US,-20.9000
259.447,US,-13.9000
259.735,US,-12.8000
260.022,US,-13.9000
260.308,US,-14.7000
260.596,US,-14.5000
260.883,US,-14.4000
261.169,ST,-14.4000
261.456,ST,-14.3000
261.744,ST,-14.3000
262.030,ST,-14.2000
262.317,US,-14.1000
262.605,ST,-14.1000
262.890,ST,-14.2000
263.178,ST,-14.2000
263.465,ST,-14.2000
263.751,ST,-14.3000
264.038,US,-14.7000
264.326,US,-14.7000
264.611,ST,-14.8000
264.899,ST,-14.8000
265.187,ST,-14.8000
265.472,ST,-14.8000
265.760,ST,-14.8000
266.047,ST,-14.8000
266.333,ST,-14.8000
266.621,ST,-14.9000
266.908,US,-15.3000
267.193,US,-15.5000
267.481,US,-15.6000
267.768,US,-15.7000
268.056,ST,-15.8000
268.341,ST,-15.9000
268.629,ST,-15.9000
268.917,ST,-15.9000
269.202,ST,-16.0000
269.490,ST,-16.1000
269.777,US,-16.2000
270.063,US,-16.4000
270.350,US,-16.5000
270.638,US,-16.6000
270.925,US,-16.7000
271.211,ST,-16.7000
271.499,ST,-16.8000
271.784,ST,-16.9000
272.071,ST,-16.9000
272.359,US,-17.1000
272.645,US,-17.2000
272.932,US,-17.3000
273.220,US,-17.4000
273.505,US,-17.5000
273.793,ST,-17.5000
274.080,ST,-17.4000
274.366,ST,-17.4000
274.653,ST,-17.4000
274.941,ST,-17.4000
275.227,ST,-17.4000
275.514,ST,-17.4000
275.802,ST,-17.4000
276.087,ST,-17.4000
276.375,ST,-17.4000
276.663,ST,-17.4000
276.948,ST,-17.4000
277.236,ST,-17.4000
277.523,ST,-17.4000
277.811,ST,-17.4000
278.097,ST,-17.4000
278.384,ST,-17.4000
278.672,ST,-17.5000
278.957,ST,-17.5000
279.245,ST,-17.5000
279.532,ST,-17.5000
279.818,ST,-17.5000
280.106,ST,-17.6000
280.393,ST,-17.6000
280.679,ST,-17.6000
280.966,ST,-17.7000
281.254,ST,-17.7000
281.539,ST,-17.7000
281.827,ST,-17.8000
282.114,ST,-17.8000
282.399,US,-18.4000
282.687,US,-18.5000
282.974,US,-18.6000
283.259,US,-18.7000
283.547,US,-18.8000
283.835,US,-18.9000
284.120,ST,-18.9000
284.408,ST,-18.9000
284.695,ST,-18.9000
284.981,ST,-18.9000
285.268,ST,-18.9000
285.556,ST,-18.9000
285.842,ST,-18.8000
286.129,ST,-18.8000
286.417,ST,-18.8000
286.704,ST,-18.8000
286.990,ST,-18.8000
287.278,ST,-18.9000
287.565,ST,-18.9000
287.850,US,-19.3000
288.138,ST,-19.3000
288.425,ST,-19.4000
288.711,ST,-19.4000
288.998,ST,-19.4000
289.286,ST,-19.4000
289.571,ST,-19.4000
289.859,ST,-19.3000
290.147,ST,-19.3000
290.432,ST,-19.2000
290.720,ST,-19.2000
291.007,ST,-19.2000
291.293,ST,-19.2000
291.581,ST,-19.2000
291.868,ST,-19.2000
292.153,US,-19.5000
292.441,US,-19.7000
292.728,US,-19.8000
293.014,ST,-19.8000
293.301,ST,-19.8000
293.589,ST,-19.8000
293.875,ST,-19.9000
294.162,ST,-19.9000
294.450,ST,-19.9000
294.735,ST,-19.9000
295.023,ST,-20.0000
295.310,ST,-20.0000
295.597,ST,-20.0000
295.884,ST,-20.1000
296.171,ST,-20.1000
296.458,US,-20.4000
296.744,US,-20.5000
297.032,ST,-20.5000
297.319,ST,-20.6000
297.605,ST,-20.7000
297.892,US,-20.8000
298.180,ST,-20.9000
298.465,ST,-20.9000
298.753,ST,-21.0000
299.040,US,-21.1000
299.326,ST,-21.2000
299.613,ST,-21.2000
299.901,ST,-21.2000
300.186,ST,-21.3000
300.474,US,-21.4000
300.761,ST,-21.5000
301.047,ST,-21.5000
301.334,US,-21.7000
301.622,US,-21.8000
301.908,ST,-21.8000
302.195,ST,-21.8000
302.483,ST,-21.8000
302.768,ST,-21.8000
303.056,ST,-21.8000
303.344,ST,-21.8000
303.629,ST,-21.7000
303.917,ST,-21.7000
304.204,ST,-21.7000
304.490,ST,-21.7000
304.778,ST,-21.7000
305.065,ST,-21.7000
305.351,ST,-21.7000
305.638,ST,-21.7000
305.926,ST,-21.7000
306.214,ST,-21.7000
306.499,ST,-21.7000
306.787,ST,-21.7000
307.074,ST,-21.7000
307.360,ST,-21.7000
307.647,ST,-21.8000
307.935,ST,-21.8000
308.221,ST,-21.8000
308.507,US,-22.2000
308.794,ST,-22.3000
309.080,ST,-22.3000
309.368,ST,-22.3000
309.655,ST,-22.3000
309.941,ST,-22.3000
310.228,ST,-22.3000
310.516,ST,-22.3000
310.802,ST,-22.4000
311.089,ST,-22.4000
311.377,ST,-22.4000
311.662,ST,-22.4000
311.950,ST,-22.4000
312.237,ST,-22.4000
312.523,ST,-22.4000
312.811,ST,-22.4000
313.098,ST,-22.4000
313.384,ST,-22.4000
313.672,ST,-22.4000
313.959,ST,-22.4000
314.245,ST,-22.4000
314.532,ST,-22.5000
314.820,ST,-22.5000
315.107,ST,-22.5000
315.393,ST,-22.5000
315.680,ST,-22.6000
315.968,ST,-22.6000
316.253,ST,-22.6000
316.541,ST,-22.6000
316.829,ST,-22.7000
317.114,ST,-22.7000
317.402,ST,-22.7000
317.689,ST,-22.8000
317.975,ST,-22.8000
318.262,ST,-22.8000
318.550,ST,-22.9000
318.836,ST,-22.9000
319.123,ST,-22.9000
319.411,ST,-22.9000
319.696,ST,-22.9000
319.984,ST,-23.0000
320.271,ST,-23.0000
320.557,ST,-23.0000
320.844,ST,-23.0000
321.132,ST,-23.0000
321.417,ST,-23.0000
321.705,ST,-23.1000
321.992,ST,-23.1000
322.278,ST,-23.1000
322.565,ST,-23.1000
322.853,ST,-23.1000
323.139,ST,-23.2000
323.426,ST,-23.2000
323.714,ST,-23.2000
323.999,ST,-23.2000
324.287,ST,-23.2000
324.574,ST,-23.3000
324.862,ST,-23.3000
325.147,ST,-23.3000
325.435,ST,-23.3000
325.722,ST,-23.3000
326.008,ST,-23.4000
326.295,ST,-23.4000
326.583,ST,-23.4000
326.868,ST,-23.4000
327.156,ST,-23.4000
327.443,ST,-23.4000
327.729,ST,-23.4000
328.016,US,-23.1000
328.303,US,-23.1000
328.589,ST,-23.1000
328.876,ST,-23.1000
329.164,ST,-23.1000
329.450,ST,-23.1000
329.737,ST,-23.1000
330.025,ST,-23.1000
330.310,ST,-23.2000
330.598,ST,-23.2000
330.886,ST,-23.2000
331.171,ST,-23.2000
331.459,ST,-23.2000
331.746,ST,-23.2000
332.032,ST,-23.3000
332.320,ST,-23.3000
332.607,ST,-23.3000
332.893,ST,-23.3000
333.180,ST,-23.3000
333.468,ST,-23.3000
333.755,ST,-23.3000
334.041,ST,-23.3000
334.329,ST,-23.4000
334.616,ST,-23.4000
334.901,US,-23.8000
335.188,US,-23.8000
335.476,ST,-23.8000
335.761,ST,-23.8000
336.049,ST,-23.7000
336.337,ST,-23.7000
336.622,ST,-23.7000
336.910,ST,-23.7000
337.197,ST,-23.7000
337.483,ST,-23.7000
337.770,ST,-23.8000
338.058,ST,-23.8000
338.343,US,-24.2000
338.631,ST,-24.2000
338.918,ST,-24.3000
339.204,ST,-24.4000
339.491,US,-24.6000
339.779,ST,-24.6000
340.064,ST,-24.7000
340.352,ST,-24.8000
340.639,ST,-24.9000
340.925,ST,-25.0000
341.212,ST,-24.9000
341.500,ST,-24.9000
341.786,ST,-25.0000
342.073,ST,-25.0000
342.361,ST,-25.0000
342.647,ST,-25.0000
342.934,ST,-25.0000
343.222,ST,-25.1000
343.509,ST,-25.1000
343.795,ST,-25.1000
344.082,US,-25.4000
344.369,US,-25.5000
344.655,ST,-25.5000
344.943,ST,-25.4000
345.230,ST,-25.4000
345.516,ST,-25.4000
345.803,ST,-25.4000
346.091,ST,-25.4000
346.377,ST,-25.4000
346.664,ST,-25.4000
346.952,ST,-25.4000
347.237,ST,-25.4000
347.525,ST,-25.3000
347.813,ST,-25.3000
348.098,ST,-25.3000
348.386,ST,-25.3000
348.673,ST,-25.3000
348.959,ST,-25.4000
349.246,ST,-25.4000
349.534,ST,-25.4000
349.820,ST,-25.4000
350.107,ST,-25.4000
350.395,ST,-25.4000
350.680,ST,-25.4000
350.968,ST,-25.4000
351.255,ST,-25.4000
351.541,ST,-25.4000
351.828,ST,-25.4000
352.116,ST,-25.5000
352.403,ST,-25.5000
352.689,ST,-25.5000
352.977,ST,-25.5000
353.264,ST,-25.5000
353.550,ST,-25.6000
353.837,ST,-25.6000
354.125,ST,-25.6000
354.410,ST,-25.6000
354.698,ST,-25.6000
354.985,ST,-25.6000
355.271,ST,-25.6000
355.559,ST,-25.6000
355.846,ST,-25.6000
356.132,ST,-25.6000
356.419,ST,-25.7000
356.706,ST,-25.7000
356.992,ST,-25.7000
357.280,ST,-25.7000
357.567,ST,-25.7000
357.853,ST,-25.7000
358.140,ST,-25.7000
358.428,ST,-25.7000
358.713,ST,-25.7000
359.001,ST,-25.7000
359.288,ST,-25.7000
359.574,ST,-25.7000
359.861,ST,-25.7000
360.149,ST,-25.7000
360.435,ST,-25.8000
360.722,ST,-25.8000
361.009,US,-26.2000
361.294,US,-26.4000
361.582,ST,-26.4000
361.869,ST,-26.4000
362.157,ST,-26.5000
362.442,ST,-26.6000
362.730,US,-26.7000
363.017,ST,-26.7000
363.303,ST,-26.7000
363.591,ST,-26.7000
363.878,ST,-26.8000
364.164,ST,-26.8000
364.451,ST,-26.8000
364.739,ST,-26.8000
365.025,ST,-26.8000
365.312,ST,-26.8000
365.600,ST,-26.8000
365.885,ST,-26.8000
366.173,ST,-26.8000
366.461,ST,-26.8000
366.746,ST,-26.8000
367.034,ST,-26.8000
367.322,ST,-26.9000
367.607,ST,-26.9000
367.895,ST,-26.9000
368.182,ST,-26.9000
368.468,ST,-26.9000
368.755,ST,-27.0000
369.043,ST,-27.0000
369.328,ST,-27.0000
369.616,ST,-27.0000
369.903,ST,-27.0000
370.189,ST,-27.0000
370.477,ST,-27.0000
370.764,ST,-27.0000
371.050,ST,-27.0000
371.337,ST,-27.1000
371.625,ST,-27.1000
371.912,ST,-27.1000
372.198,ST,-27.0000
372.485,ST,-27.0000
372.772,US,-26.5000
373.057,US,-26.5000
373.345,ST,-26.5000
373.632,ST,-26.5000
373.918,ST,-26.6000
374.206,ST,-26.6000
374.493,ST,-26.6000
374.779,ST,-26.6000
375.066,ST,-26.6000
375.354,ST,-26.7000
375.640,ST,-26.7000
375.927,ST,-26.7000
376.215,ST,-26.7000
376.501,ST,-26.7000
376.788,ST,-26.7000
377.076,ST,-26.6000
377.361,ST,-26.6000
377.649,ST,-26.6000
377.936,ST,-26.6000
378.222,ST,-26.6000
378.510,ST,-26.6000
378.797,ST,-26.5000
379.083,ST,-26.5000
379.370,ST,-26.5000
379.658,ST,-26.5000
379.943,ST,-26.5000
380.231,ST,-26.5000
380.518,ST,-26.5000
380.805,US,-26.8000
381.090,ST,-26.9000
381.378,ST,-27.0000
381.666,ST,-27.1000
381.951,ST,-27.1000
382.239,ST,-27.2000
382.526,ST,-27.3000
382.812,US,-27.4000
383.099,ST,-27.4000
383.387,ST,-27.4000
383.673,ST,-27.4000
383.960,ST,-27.4000
384.248,ST,-27.4000
384.533,ST,-27.4000
384.821,ST,-27.4000
385.109,ST,-27.4000
385.394,ST,-27.4000
385.682,ST,-27.4000
385.969,US,-27.8000
386.254,US,-27.8000
386.542,ST,-27.9000
386.829,US,-28.0000
387.115,ST,-28.0000
387.402,ST,-28.0000
387.690,ST,-27.9000
387.975,ST,-28.0000
388.263,ST,-28.0000
388.551,ST,-28.0000
388.836,ST,-28.0000
389.124,ST,-28.0000
389.412,ST,-28.0000
389.697,ST,-28.0000
389.985,ST,-28.0000
390.272,ST,-28.0000
390.560,ST,-28.0000
390.846,ST,-28.0000
391.132,US,-28.5000
391.420,US,-28.7000
391.705,US,-28.7000
391.993,ST,-28.8000
392.280,ST,-28.9000
392.566,ST,-28.9000
392.854,ST,-28.9000
393.141,ST,-29.0000
393.427,ST,-29.1000
393.714,ST,-29.1000
394.002,US,-29.4000
394.289,US,-29.5000
394.575,US,-29.6000
394.862,ST,-29.6000
395.148,ST,-29.7000
395.435,ST,-29.7000
395.723,ST,-29.7000
396.009,ST,-29.7000
396.296,ST,-29.7000
396.584,ST,-29.7000
396.869,ST,-29.8000
397.157,ST,-29.8000
397.445,ST,-29.8000
397.730,ST,-29.8000
398.018,ST,-29.9000
398.305,US,-30.3000
398.591,US,-30.4000
398.878,US,-30.5000
399.165,ST,-30.5000
399.453,US,-30.7000
399.738,ST,-30.7000
400.026,ST,-30.8000
400.314,ST,-30.8000
400.599,ST,-30.8000
400.887,ST,-30.8000
401.175,ST,-30.9000
401.460,ST,-30.9000
401.747,ST,-30.9000
402.035,ST,-30.8000
402.321,ST,-30.8000
402.608,ST,-30.8000
402.896,ST,-30.8000
403.181,ST,-30.8000
403.469,ST,-30.8000
403.757,ST,-30.8000
404.042,ST,-30.9000
404.330,ST,-30.9000
404.617,ST,-30.9000
404.903,ST,-30.9000
405.191,ST,-30.9000
405.478,ST,-30.8000
405.764,ST,-30.8000
406.051,ST,-30.8000
406.339,ST,-30.9000
406.624,ST,-30.9000
406.912,ST,-30.9000
407.199,ST,-30.9000
407.485,ST,-30.9000
407.773,ST,-30.9000
408.060,ST,-30.9000
408.346,ST,-30.8000
408.633,ST,-30.8000
408.921,ST,-30.8000
409.208,ST,-30.8000
409.494,ST,-30.8000
409.781,ST,-30.8000
410.069,ST,-30.7000
410.355,ST,-30.7000
410.642,ST,-30.7000
410.929,ST,-30.7000
411.215,ST,-30.7000
411.503,ST,-30.6000
411.790,ST,-30.6000
412.076,ST,-30.6000
412.363,ST,-30.6000
412.651,ST,-30.5000
412.936,ST,-30.5000
413.224,ST,-30.5000
413.511,ST,-30.5000
413.797,ST,-30.5000
414.084,ST,-30.5000
414.372,ST,-30.5000
414.658,ST,-30.5000
414.945,ST,-30.5000
415.232,US,-30.9000
415.517,US,-31.0000
415.805,ST,-31.0000
416.092,ST,-30.9000
416.378,ST,-30.9000
416.665,ST,-30.9000
416.953,ST,-30.9000
417.239,ST,-30.9000
417.526,ST,-30.9000
417.814,ST,-31.0000
418.102,ST,-31.0000
418.387,US,-31.4000
418.674,US,-31.5000
418.962,ST,-31.6000
419.247,ST,-31.6000
419.535,ST,-31.6000
419.822,ST,-31.7000
420.108,ST,-31.7000
420.396,ST,-31.8000
420.683,ST,-31.8000
420.969,ST,-31.8000
421.256,ST,-31.8000
421.544,ST,-31.9000
421.829,ST,-31.9000
422.117,US,-32.2000
422.404,US,-32.2000
422.690,ST,-32.3000
422.977,ST,-32.3000
423.265,ST,-32.3000
423.550,ST,-32.3000
423.838,ST,-32.3000
424.126,ST,-32.3000
424.411,ST,-32.3000
424.699,ST,-32.3000
424.986,ST,-32.3000
425.272,ST,-32.3000
425.560,ST,-32.3000
425.847,ST,-32.3000
426.133,ST,-32.4000
426.420,ST,-32.4000
426.707,US,-32.8000
426.993,US,-32.9000
427.280,US,-33.1000
427.568,ST,-33.1000
427.855,ST,-33.2000
428.141,ST,-33.2000
428.428,ST,-33.2000
428.716,ST,-33.2000
429.002,ST,-33.2000
429.289,ST,-33.2000
429.577,ST,-33.2000
429.862,ST,-33.2000
430.150,ST,-33.2000
430.438,ST,-33.2000
430.723,ST,-33.3000
431.010,US,-33.6000
431.298,US,-33.8000
431.583,US,-33.9000
431.871,US,-34.0000
432.158,ST,-34.0000
432.444,ST,-34.1000
432.732,ST,-34.2000
433.019,ST,-34.2000
433.305,ST,-34.2000
433.592,ST,-34.2000
433.880,ST,-34.3000
434.165,ST,-34.3000
434.453,ST,-34.3000
434.741,ST,-34.4000
435.026,ST,-34.4000
435.314,ST,-34.4000
435.601,ST,-34.4000
435.887,ST,-34.5000
436.175,ST,-34.5000
436.462,ST,-34.5000
436.748,ST,-34.5000
437.035,ST,-34.5000
437.323,ST,-34.6000
437.611,ST,-34.6000
437.896,ST,-34.6000
438.184,ST,-34.6000
438.471,ST,-34.6000
438.757,ST,-34.7000
439.044,ST,-34.7000
439.332,ST,-34.7000
439.617,ST,-34.8000
439.905,ST,-34.8000
440.193,ST,-34.8000
440.478,ST,-34.8000
440.766,ST,-34.9000
441.053,ST,-34.9000
441.339,ST,-34.9000
441.626,ST,-34.9000
441.914,ST,-35.0000
442.199,ST,-35.0000
442.486,US,-35.5000
442.773,US,-35.7000
443.059,US,-35.8000
443.346,ST,-35.8000
443.634,ST,-35.7000
443.921,ST,-35.8000
444.207,ST,-35.8000
444.495,ST,-35.8000
444.780,ST,-35.8000
445.068,ST,-35.8000
445.356,ST,-35.8000
445.641,ST,-35.9000
445.929,ST,-35.9000
446.216,ST,-35.9000
446.504,ST,-35.9000
446.789,US,-36.4000
447.077,ST,-36.4000
447.364,US,-36.6000
447.649,US,-36.7000
447.937,ST,-36.7000
448.225,ST,-36.7000
448.510,ST,-36.6000
448.798,ST,-36.5000
449.085,ST,-36.5000
449.371,ST,-36.5000
449.658,US,-36.3000
449.946,US,-36.2000
450.231,ST,-36.3000
450.519,ST,-36.3000
450.807,ST,-36.3000
451.092,ST,-36.4000
451.380,ST,-36.4000
451.667,ST,-36.4000
451.953,ST,-36.4000
452.241,ST,-36.5000
452.528,ST,-36.5000
452.814,ST,-36.5000
453.101,ST,-36.5000
453.389,ST,-36.5000
453.675,ST,-36.5000
453.962,ST,-36.5000
454.250,ST,-36.5000
454.535,ST,-36.5000
454.823,ST,-36.5000
455.111,ST,-36.5000
455.396,ST,-36.5000
455.684,ST,-36.6000
455.971,ST,-36.6000
456.259,ST,-36.6000
456.544,ST,-36.5000
456.832,ST,-36.5000
457.119,ST,-36.5000
457.405,ST,-36.5000
457.693,ST,-36.5000
457.980,ST,-36.5000
458.265,ST,-36.5000
458.553,ST,-36.5000
458.841,ST,-36.5000
459.126,ST,-36.5000
459.414,ST,-36.5000
459.701,ST,-36.5000
459.987,ST,-36.5000
460.274,ST,-36.5000
460.562,ST,-36.5000
460.847,ST,-36.5000
461.135,ST,-36.5000
461.422,ST,-36.5000
461.708,ST,-36.6000
461.995,ST,-36.6000
462.282,US,-37.1000
462.568,US,-37.2000
462.855,ST,-37.2000
463.143,ST,-37.3000
463.428,ST,-37.4000
463.716,ST,-37.5000
464.003,ST,-37.5000
464.289,ST,-37.6000
464.576,ST,-37.7000
464.864,ST,-37.7000
465.152,ST,-37.8000
465.437,ST,-37.9000
465.725,US,-38.0000
466.012,ST,-38.0000
466.298,ST,-38.0000
466.585,ST,-38.0000
466.873,ST,-38.0000
467.159,ST,-38.1000
467.446,ST,-38.1000
467.734,ST,-38.1000
468.019,ST,-38.1000
468.307,ST,-38.2000
468.596,ST,-38.2000
468.881,ST,-38.2000
469.168,ST,-38.2000
469.455,ST,-38.2000
469.741,ST,-38.3000
470.029,ST,-38.3000
470.316,ST,-38.3000
470.602,ST,-38.3000
470.889,ST,-38.3000
471.177,ST,-38.3000
471.462,ST,-38.4000
471.750,ST,-38.4000
472.037,ST,-38.4000
472.323,ST,-38.4000
472.610,ST,-38.4000
472.897,US,-38.7000
473.183,US,-38.8000
473.470,ST,-38.8000
473.758,ST,-38.9000
474.043,US,-39.0000
474.331,ST,-39.0000
474.618,ST,-39.1000
474.906,ST,-39.1000
475.191,ST,-39.2000
475.479,ST,-39.2000
475.767,ST,-39.2000
476.052,ST,-39.2000
476.340,ST,-39.2000
476.627,ST,-39.2000
476.913,ST,-39.2000
477.201,ST,-39.2000
477.488,ST,-39.2000
477.774,ST,-39.2000
478.062,ST,-39.2000
478.349,ST,-39.2000
478.635,ST,-39.2000
478.922,ST,-39.2000
479.210,ST,-39.2000
479.495,ST,-39.2000
479.783,ST,-39.2000
480.070,ST,-39.2000
480.356,ST,-39.3000
480.644,ST,-39.3000
480.931,ST,-39.3000
481.217,ST,-39.3000
481.504,ST,-39.3000
481.792,ST,-39.3000
482.077,ST,-39.3000
482.365,ST,-39.3000
482.652,ST,-39.4000
482.938,ST,-39.4000
483.226,ST,-39.4000
483.513,ST,-39.4000
483.801,ST,-39.5000
484.086,ST,-39.5000
484.374,ST,-39.5000
484.661,ST,-39.5000
484.947,ST,-39.5000
485.234,ST,-39.5000
485.522,ST,-39.5000
485.807,ST,-39.6000
486.095,ST,-39.6000
486.382,ST,-39.6000
486.668,ST,-39.6000
486.955,ST,-39.6000
487.243,ST,-39.6000
487.529,ST,-39.6000
487.816,ST,-39.6000
488.104,ST,-39.6000
488.389,ST,-39.6000
488.677,ST,-39.6000
488.964,ST,-39.6000
489.250,ST,-39.6000
489.537,ST,-39.6000
489.825,ST,-39.5000
490.110,ST,-39.5000
490.398,ST,-39.5000
490.685,ST,-39.5000
490.971,ST,-39.5000
491.258,ST,-39.5000
491.546,ST,-39.5000
491.832,ST,-39.6000
492.119,ST,-39.6000
492.407,ST,-39.6000
492.692,ST,-39.6000
492.980,ST,-39.6000
493.267,ST,-39.6000
493.555,ST,-39.6000
493.840,ST,-39.6000
494.128,ST,-39.6000
494.416,ST,-39.6000
494.701,ST,-39.6000
494.989,ST,-39.6000
495.276,ST,-39.6000
495.562,ST,-39.5000
495.849,ST,-39.5000
496.137,ST,-39.5000
496.422,ST,-39.4000
496.710,ST,-39.4000
496.997,ST,-39.3000
497.282,US,-38.8000
497.569,US,-38.6000
497.857,ST,-38.6000
498.143,ST,-38.5000
498.430,ST,-38.4000
498.718,ST,-38.4000
499.003,ST,-38.4000
499.291,US,-38.2000
499.578,US,-38.1000
499.864,US,-38.0000
500.151,US,-37.9000
500.439,US,-37.8000
500.724,US,-37.6000
501.012,US,-37.4000
501.299,ST,-37.4000
501.585,ST,-37.3000
501.873,US,-37.2000
502.160,US,-37.1000
502.446,ST,-37.1000
502.733,ST,-37.0000
503.021,ST,-36.9000
503.308,US,-36.8000
503.594,US,-36.7000
503.881,US,-36.6000
504.169,US,-36.5000
504.454,ST,-36.5000
504.742,ST,-36.4000
505.030,ST,-36.4000
505.315,ST,-36.4000
505.603,ST,-36.4000
505.890,ST,-36.4000
506.176,ST,-36.4000
506.464,ST,-36.5000
506.751,ST,-36.5000
507.037,ST,-36.5000
507.324,ST,-36.5000
507.612,ST,-36.6000
507.898,ST,-36.6000
508.185,ST,-36.6000
508.473,ST,-36.6000
508.758,ST,-36.6000
509.046,ST,-36.6000
509.334,ST,-36.6000
509.619,ST,-36.7000
509.907,ST,-36.6000
510.194,ST,-36.7000
510.480,ST,-36.7000
510.767,ST,-36.7000
511.055,ST,-36.7000
511.340,ST,-36.7000
511.628,ST,-36.7000
511.916,ST,-36.8000
512.203,ST,-36.8000
512.487,US,-37.2000
512.775,US,-37.3000
513.063,US,-37.4000
513.348,ST,-37.4000
513.636,ST,-37.5000
513.923,US,-37.7000
514.209,US,-37.9000
514.496,US,-38.1000
514.784,US,-38.2000
515.069,US,-38.4000
515.357,ST,-38.4000
515.644,ST,-38.5000
515.930,ST,-38.5000
516.218,ST,-38.5000
516.505,ST,-38.5000
516.791,ST,-38.5000
517.078,ST,-38.6000
517.366,ST,-38.6000
517.652,ST,-38.6000
517.939,ST,-38.6000
518.228,ST,-38.6000
518.513,ST,-38.6000
518.800,ST,-38.5000
519.088,ST,-38.5000
519.373,ST,-38.5000
519.661,ST,-38.5000
519.948,ST,-38.5000
520.234,ST,-38.6000
520.521,ST,-38.6000
520.809,ST,-38.6000
521.095,ST,-38.6000
521.382,ST,-38.6000
521.670,ST,-38.6000
521.957,ST,-38.6000
522.243,ST,-38.6000
522.530,ST,-38.7000
522.818,ST,-38.7000
523.103,ST,-38.7000
523.391,ST,-38.7000
523.678,ST,-38.8000
523.964,ST,-38.8000
524.252,ST,-38.8000
524.539,ST,-38.8000
524.825,ST,-38.8000
525.112,ST,-38.8000
525.400,ST,-38.9000
525.685,ST,-38.9000
525.973,ST,-38.9000
526.260,ST,-38.9000
526.546,ST,-38.9000
526.834,ST,-38.9000
527.121,ST,-38.9000
527.406,ST,-38.9000
527.694,ST,-39.0000
527.982,ST,-39.0000
528.267,ST,-39.0000
528.555,ST,-39.0000
528.841,US,-39.6000
529.127,US,-39.6000
529.414,ST,-39.7000
529.702,ST,-39.7000
529.987,ST,-39.7000
530.275,ST,-39.8000
530.563,ST,-39.8000
530.850,ST,-39.8000
531.136,ST,-39.8000
531.423,ST,-39.9000
531.711,US,-40.3000
531.996,US,-40.4000
532.284,ST,-40.4000
532.571,ST,-40.5000
532.857,ST,-40.6000
533.144,ST,-40.6000
533.432,ST,-40.5000
533.717,ST,-40.5000
534.005,ST,-40.5000
534.293,ST,-40.5000
534.578,ST,-40.5000
534.866,ST,-40.5000
535.153,ST,-40.5000
535.439,ST,-40.5000
535.727,ST,-40.5000
536.014,ST,-40.5000
536.300,ST,-40.5000
536.587,ST,-40.5000
536.875,ST,-40.5000
537.161,ST,-40.5000
537.448,ST,-40.5000
537.736,ST,-40.5000
538.021,ST,-40.5000
538.309,ST,-40.5000
538.596,ST,-40.5000
538.882,ST,-40.5000
539.170,ST,-40.6000
539.457,ST,-40.6000
539.743,ST,-40.6000
540.030,ST,-40.7000
540.318,ST,-40.7000
540.605,ST,-40.7000
540.891,ST,-40.8000
541.177,US,-41.4000
541.465,US,-41.6000
541.751,US,-41.8000
542.038,US,-41.9000
542.326,US,-42.0000
542.611,ST,-42.0000
542.899,ST,-42.1000
543.186,ST,-42.2000
543.472,ST,-42.2000
543.759,ST,-42.3000
544.047,US,-42.4000
544.332,US,-42.5000
544.620,US,-42.6000
544.907,US,-42.7000
545.193,ST,-42.7000
545.481,ST,-42.8000
545.768,US,-42.9000
546.054,US,-43.0000
546.341,ST,-43.0000
546.629,ST,-43.0000
546.914,ST,-43.0000
547.202,ST,-43.0000
547.490,ST,-43.1000
547.775,ST,-43.1000
548.063,ST,-43.1000
548.350,ST,-43.1000
548.636,ST,-43.2000
548.923,ST,-43.2000
549.211,ST,-43.2000
549.497,ST,-43.3000
549.784,US,-43.7000
550.071,US,-43.8000
550.359,US,-43.9000
550.644,US,-44.0000
550.932,US,-44.1000
551.219,US,-44.2000
551.505,US,-44.3000
551.792,US,-44.4000
552.080,ST,-44.4000
552.366,ST,-44.4000
552.653,ST,-44.3000
552.941,ST,-44.3000
553.226,ST,-44.3000
553.514,ST,-44.3000
553.801,ST,-44.3000
554.087,ST,-44.3000
554.375,ST,-44.3000
554.662,ST,-44.4000
554.948,ST,-44.4000
555.236,ST,-44.4000
555.522,US,-44.8000
555.808,ST,-44.8000
556.095,ST,-44.9000
556.383,ST,-45.0000
556.669,ST,-45.1000
556.956,ST,-45.2000
557.244,US,-45.3000
557.529,US,-45.4000
557.817,ST,-45.4000
558.104,ST,-45.4000
558.390,ST,-45.4000
558.677,ST,-45.4000
558.965,ST,-45.4000
559.253,ST,-45.4000
559.538,ST,-45.4000
559.826,ST,-45.4000
560.114,ST,-45.4000
560.399,ST,-45.5000
560.687,ST,-45.5000
560.974,ST,-45.5000
561.260,ST,-45.5000
561.547,ST,-45.5000
561.835,ST,-45.6000
562.121,ST,-45.6000
562.408,ST,-45.6000
562.696,ST,-45.6000
562.981,ST,-45.7000
563.269,ST,-45.7000
563.556,ST,-45.7000
563.842,ST,-45.8000
564.130,ST,-45.8000
564.417,ST,-45.9000
564.703,ST,-45.9000
564.990,ST,-46.0000
565.278,ST,-46.0000
565.563,ST,-46.1000
565.851,ST,-46.1000
566.138,ST,-46.1000
566.424,ST,-46.2000
566.711,ST,-46.2000
566.999,ST,-46.3000
567.285,ST,-46.3000
567.574,ST,-46.3000
567.860,ST,-46.3000
568.145,ST,-46.3000
568.433,ST,-46.3000
568.720,ST,-46.3000
569.008,ST,-46.4000
569.293,ST,-46.4000
569.581,ST,-46.4000
569.868,ST,-46.4000
570.154,ST,-46.3000
570.441,ST,-46.3000
570.729,ST,-46.3000
571.014,ST,-46.3000
571.302,ST,-46.2000
571.590,ST,-46.2000
571.875,ST,-46.2000
572.163,ST,-46.2000
572.450,ST,-46.2000
572.736,ST,-46.2000
573.023,ST,-46.2000
573.311,ST,-46.2000
573.596,ST,-46.2000
573.884,ST,-46.2000
574.171,ST,-46.2000
574.457,ST,-46.2000
574.745,ST,-46.2000
575.032,ST,-46.2000
575.317,ST,-46.2000
575.605,ST,-46.3000
575.893,ST,-46.3000
576.178,ST,-46.3000
576.466,ST,-46.3000
576.753,ST,-46.3000
577.039,ST,-46.3000
577.326,ST,-46.4000
577.614,ST,-46.4000
577.901,ST,-46.4000
578.187,ST,-46.4000
578.474,ST,-46.4000
578.761,US,-46.0000
579.047,US,-45.8000
579.334,US,-45.7000
579.622,US,-45.6000
579.907,US,-45.5000
580.195,US,-45.3000
580.482,US,-45.2000
580.768,ST,-45.2000
581.055,ST,-45.1000
581.343,ST,-45.0000
581.628,ST,-45.0000
581.916,ST,-45.0000
582.204,ST,-45.0000
582.489,ST,-44.9000
582.777,ST,-44.9000
583.064,ST,-44.9000
583.350,ST,-44.8000
583.637,US,-44.6000
583.925,US,-44.5000
584.210,US,-44.4000
584.498,ST,-44.4000
584.786,ST,-44.4000
585.071,ST,-44.3000
585.359,ST,-44.2000
585.646,ST,-44.2000
585.932,ST,-44.2000
586.219,ST,-44.3000
586.507,ST,-44.3000
586.793,ST,-44.4000
587.080,US,-44.7000
587.367,US,-44.7000
587.655,ST,-44.7000
587.940,ST,-44.7000
588.228,ST,-44.7000
588.516,ST,-44.7000
588.801,ST,-44.7000
589.089,ST,-44.7000
589.376,ST,-44.7000
589.662,ST,-44.6000
589.949,ST,-44.6000
590.237,ST,-44.6000
590.523,ST,-44.6000
590.810,ST,-44.6000
591.098,ST,-44.5000
591.384,ST,-44.5000
591.671,ST,-44.5000
591.959,ST,-44.5000
592.246,ST,-44.5000
592.532,ST,-44.5000
592.819,ST,-44.5000
593.105,ST,-44.4000
593.393,ST,-44.4000
593.680,ST,-44.4000
593.966,ST,-44.3000
594.253,ST,-44.3000
594.541,ST,-44.3000
594.826,ST,-44.3000
595.114,ST,-44.3000
595.401,ST,-44.3000
595.687,ST,-44.2000
595.974,ST,-44.3000
596.261,US,-44.6000
596.549,ST,-44.7000
596.834,ST,-44.8000
597.122,US,-44.9000
597.409,US,-45.0000
597.695,ST,-45.0000
597.982,ST,-45.0000
598.270,ST,-45.0000
598.555,ST,-45.0000
598.843,ST,-45.0000
599.131,ST,-45.0000
599.416,ST,-45.0000
599.704,ST,-45.0000
599.991,ST,-44.9000
