run_id,powder_id,started_utc,era,rpm,n_polls,iterations,median_poll_ms,nominal_spin_s,actual_spin_s,commanded_rev,actual_rev,overturn_pct
20260804T204316Z_brown-rice-flour,brown-rice-flour,2026-08-04T20:43:16.183255+00:00,before,15.0,48,48,287.0,12.0,13.78,3.0,3.444,14.8
20260804T204316Z_brown-rice-flour,brown-rice-flour,2026-08-04T20:43:16.183255+00:00,before,45.0,16,16,287.0,4.0,4.59,3.0,3.444,14.8
20260804T204316Z_brown-rice-flour,brown-rice-flour,2026-08-04T20:43:16.183255+00:00,before,90.0,8,8,287.0,2.0,2.3,3.0,3.444,14.8
20260804T211422Z_white-rice-flour,white-rice-flour,2026-08-04T21:14:22.351081+00:00,before,15.0,48,48,287.0,12.0,13.78,3.0,3.444,14.8
20260804T211422Z_white-rice-flour,white-rice-flour,2026-08-04T21:14:22.351081+00:00,before,45.0,16,16,287.0,4.0,4.59,3.0,3.444,14.8
20260804T211422Z_white-rice-flour,white-rice-flour,2026-08-04T21:14:22.351081+00:00,before,90.0,8,8,287.0,2.0,2.3,3.0,3.444,14.8
20260804T224937Z_brown-rice-flour,brown-rice-flour,2026-08-04T22:49:37.985918+00:00,before,15.0,48,48,287.0,12.0,13.78,3.0,3.444,14.8
20260804T224937Z_brown-rice-flour,brown-rice-flour,2026-08-04T22:49:37.985918+00:00,before,45.0,16,16,287.0,4.0,4.59,3.0,3.444,14.8
20260804T224937Z_brown-rice-flour,brown-rice-flour,2026-08-04T22:49:37.985918+00:00,before,90.0,8,8,287.0,2.0,2.3,3.0,3.444,14.8
20260805T145725Z_sodium-alginate,sodium-alginate,2026-08-05T14:57:25.298344+00:00,before,15.0,48,48,287.0,12.0,13.78,3.0,3.444,14.8
20260805T145725Z_sodium-alginate,sodium-alginate,2026-08-05T14:57:25.298344+00:00,before,45.0,16,16,287.0,4.0,4.59,3.0,3.444,14.8
20260805T145725Z_sodium-alginate,sodium-alginate,2026-08-05T14:57:25.298344+00:00,before,90.0,8,8,287.0,2.0,2.3,3.0,3.444,14.8
20260805T185305Z_brown-rice-flour,brown-rice-flour,2026-08-05T18:53:05.644181+00:00,before,15.0,48,48,287.0,12.0,13.78,3.0,3.444,14.8
20260805T185305Z_brown-rice-flour,brown-rice-flour,2026-08-05T18:53:05.644181+00:00,before,45.0,16,16,287.0,4.0,4.59,3.0,3.444,14.8
20260805T185305Z_brown-rice-flour,brown-rice-flour,2026-08-05T18:53:05.644181+00:00,before,90.0,8,8,287.0,2.0,2.3,3.0,3.444,14.8
20260805T200002Z_calcium-lactate,calcium-lactate,2026-08-05T20:00:02.433141+00:00,before,15.0,48,48,287.0,12.0,13.78,3.0,3.444,14.8
20260805T200002Z_calcium-lactate,calcium-lactate,2026-08-05T20:00:02.433141+00:00,before,45.0,16,16,287.0,4.0,4.59,3.0,3.444,14.8
20260805T200002Z_calcium-lactate,calcium-lactate,2026-08-05T20:00:02.433141+00:00,before,90.0,8,8,287.0,2.0,2.3,3.0,3.444,14.8
20260805T215252Z_carboxymethyl-cellulose,carboxymethyl-cellulose,2026-08-05T21:52:52.010546+00:00,before,15.0,48,48,287.0,12.0,13.78,3.0,3.444,14.8
20260805T215252Z_carboxymethyl-cellulose,carboxymethyl-cellulose,2026-08-05T21:52:52.010546+00:00,before,45.0,16,16,287.0,4.0,4.59,3.0,3.444,14.8
20260805T215252Z_carboxymethyl-cellulose,carboxymethyl-cellulose,2026-08-05T21:52:52.010546+00:00,before,90.0,8,8,287.0,2.0,2.3,3.0,3.444,14.8
20260806T140254Z_xanthan-gum,xanthan-gum,2026-08-06T14:02:54.080499+00:00,before,15.0,48,48,287.0,12.0,13.78,3.0,3.444,14.8
20260806T140254Z_xanthan-gum,xanthan-gum,2026-08-06T14:02:54.080499+00:00,before,45.0,16,16,287.0,4.0,4.59,3.0,3.444,14.8
20260806T140254Z_xanthan-gum,xanthan-gum,2026-08-06T14:02:54.080499+00:00,before,90.0,8,8,287.0,2.0,2.3,3.0,3.444,14.8
20260806T145120Z_salt,salt,2026-08-06T14:51:20.847638+00:00,before,15.0,48,48,287.0,12.0,13.78,3.0,3.444,14.8
20260806T145120Z_salt,salt,2026-08-06T14:51:20.847638+00:00,before,45.0,16,16,287.0,4.0,4.59,3.0,3.444,14.8
20260806T145120Z_salt,salt,2026-08-06T14:51:20.847638+00:00,before,90.0,8,8,287.0,2.0,2.3,3.0,3.444,14.8
20260811T183043Z_alsi10mg,alsi10mg,2026-08-11T18:30:43.564056+00:00,before,15.0,48,48,287.0,12.0,13.78,3.0,3.444,14.8
20260811T183043Z_alsi10mg,alsi10mg,2026-08-11T18:30:43.564056+00:00,before,45.0,16,16,288.0,4.0,4.61,3.0,3.456,15.2
20260811T183043Z_alsi10mg,alsi10mg,2026-08-11T18:30:43.564056+00:00,before,90.0,8,8,286.0,2.0,2.29,3.0,3.432,14.4
20260812T215154Z_salt,salt,2026-08-12T21:51:54.498951+00:00,before,15.0,48,48,287.0,12.0,13.78,3.0,3.444,14.8
20260812T215154Z_salt,salt,2026-08-12T21:51:54.498951+00:00,before,45.0,16,16,287.0,4.0,4.59,3.0,3.444,14.8
20260812T215154Z_salt,salt,2026-08-12T21:51:54.498951+00:00,before,90.0,8,8,287.0,2.0,2.3,3.0,3.444,14.8
20260820T175631Z_salt,salt,2026-08-20T17:56:31Z,after,15.0,48,48,386.0,12.0,18.53,3.0,4.632,54.4
20260820T175631Z_salt,salt,2026-08-20T17:56:31Z,after,45.0,16,16,386.0,4.0,6.18,3.0,4.632,54.4
20260820T175631Z_salt,salt,2026-08-20T17:56:31Z,after,90.0,8,8,386.0,2.0,3.09,3.0,4.632,54.4
20260820T192224Z_sodium-sulfate,sodium-sulfate,2026-08-20T19:22:24.995883+00:00,after,15.0,48,48,386.0,12.0,18.53,3.0,4.632,54.4
20260820T192224Z_sodium-sulfate,sodium-sulfate,2026-08-20T19:22:24.995883+00:00,after,45.0,16,16,386.0,4.0,6.18,3.0,4.632,54.4
20260820T192224Z_sodium-sulfate,sodium-sulfate,2026-08-20T19:22:24.995883+00:00,after,90.0,8,8,386.0,2.0,3.09,3.0,4.632,54.4
20260820T214823Z_silicon-110-200,silicon-110-200,2026-08-20T21:48:23.367756+00:00,after,15.0,48,48,386.0,12.0,18.53,3.0,4.632,54.4
20260820T214823Z_silicon-110-200,silicon-110-200,2026-08-20T21:48:23.367756+00:00,after,45.0,16,16,386.0,4.0,6.18,3.0,4.632,54.4
20260820T214823Z_silicon-110-200,silicon-110-200,2026-08-20T21:48:23.367756+00:00,after,90.0,8,8,386.0,2.0,3.09,3.0,4.632,54.4
20260821T151337Z_alsi10mg,alsi10mg,2026-08-21T15:13:37Z,after,15.0,48,48,386.0,12.0,18.53,3.0,4.632,54.4
20260821T151337Z_alsi10mg,alsi10mg,2026-08-21T15:13:37Z,after,45.0,16,16,386.0,4.0,6.18,3.0,4.632,54.4
20260821T151337Z_alsi10mg,alsi10mg,2026-08-21T15:13:37Z,after,90.0,8,8,386.0,2.0,3.09,3.0,4.632,54.4
20260821T161838Z_silicon-325,silicon-325,2026-08-21T16:18:38.225294+00:00,after,15.0,48,48,386.0,12.0,18.53,3.0,4.632,54.4
20260821T161838Z_silicon-325,silicon-325,2026-08-21T16:18:38.225294+00:00,after,45.0,16,16,386.0,4.0,6.18,3.0,4.632,54.4
20260821T161838Z_silicon-325,silicon-325,2026-08-21T16:18:38.225294+00:00,after,90.0,8,8,386.0,2.0,3.09,3.0,4.632,54.4
20260821T170712Z_barium-chloride,barium-chloride,2026-08-21T17:07:12.015465+00:00,after,15.0,48,48,386.0,12.0,18.53,3.0,4.632,54.4
20260821T170712Z_barium-chloride,barium-chloride,2026-08-21T17:07:12.015465+00:00,after,45.0,16,16,386.0,4.0,6.18,3.0,4.632,54.4
20260821T170712Z_barium-chloride,barium-chloride,2026-08-21T17:07:12.015465+00:00,after,90.0,8,8,386.0,2.0,3.09,3.0,4.632,54.4
20260821T182705Z_fumed-silica,fumed-silica,2026-08-21T18:27:05.961034+00:00,after,15.0,48,48,386.0,12.0,18.53,3.0,4.632,54.4
20260821T182705Z_fumed-silica,fumed-silica,2026-08-21T18:27:05.961034+00:00,after,45.0,16,16,386.0,4.0,6.18,3.0,4.632,54.4
20260821T182705Z_fumed-silica,fumed-silica,2026-08-21T18:27:05.961034+00:00,after,90.0,8,8,386.0,2.0,3.09,3.0,4.632,54.4
20260821T192031Z_salt,salt,2026-08-21T19:20:31.212009+00:00,after,15.0,48,48,386.0,12.0,18.53,3.0,4.632,54.4
20260821T192031Z_salt,salt,2026-08-21T19:20:31.212009+00:00,after,45.0,16,16,386.0,4.0,6.18,3.0,4.632,54.4
20260821T192031Z_salt,salt,2026-08-21T19:20:31.212009+00:00,after,90.0,8,8,386.0,2.0,3.09,3.0,4.632,54.4
