t_ms,status,grams
81,ST,-000.0008
366,ST,-000.0008
654,ST,-000.0008
941,ST,-000.0007
1226,US,-000.0004
1514,ST,-000.0004
1801,ST,-000.0004
2087,ST,-000.0004
2375,ST,-000.0004
2662,ST,-000.0004
2948,ST,-000.0003
3235,ST,-000.0003
3523,ST,-000.0003
3808,ST,-000.0003
4096,ST,-000.0003
4384,ST,-000.0003
4669,ST,-000.0003
4957,ST,-000.0003
5244,ST,-000.0003
5532,ST,-000.0003
5818,ST,-000.0003
6105,ST,-000.0003
6393,ST,-000.0003
6678,ST,-000.0003
6966,ST,-000.0002
7254,ST,-000.0002
7539,ST,-000.0002
7827,ST,-000.0002
8114,ST,-000.0002
8400,ST,-000.0002
8687,ST,-000.0002
8975,ST,-000.0002
9260,ST,-000.0002
9548,ST,-000.0001
9836,ST,-000.0001
10121,ST,-000.0001
10409,ST,+000.0000
10696,US,+000.0001
10982,ST,+000.0001
11268,US,+000.0005
11556,US,+000.0006
11841,ST,+000.0005
12129,ST,+000.0005
12417,ST,+000.0005
12702,ST,+000.0005
12990,ST,+000.0004
13277,ST,+000.0004
13563,ST,+000.0004
13851,ST,+000.0004
14138,ST,+000.0003
14424,ST,+000.0003
14711,ST,+000.0003
14999,ST,+000.0002
15284,US,-000.0002
15571,US,-000.0003
15859,ST,-000.0003
16146,US,-000.0005
16432,US,-000.0006
16719,US,-000.0008
17007,US,-000.0009
17293,ST,-000.0009
17580,ST,-000.0009
17868,ST,-000.0008
18153,ST,-000.0008
18441,ST,-000.0007
18728,ST,-000.0007
19014,ST,-000.0006
19302,ST,-000.0006
19589,ST,-000.0006
19875,ST,-000.0006
20162,ST,-000.0006
20450,ST,-000.0006
20736,ST,-000.0006
21023,ST,-000.0005
21311,ST,-000.0005
21596,ST,-000.0005
21884,ST,-000.0005
22172,ST,-000.0005
22457,ST,-000.0005
22745,ST,-000.0005
23032,ST,-000.0005
23318,ST,-000.0005
23605,ST,-000.0005
23893,ST,-000.0005
24178,ST,-000.0005
24466,ST,-000.0005
24754,ST,-000.0005
25039,ST,-000.0005
25327,ST,-000.0005
25614,ST,-000.0005
25902,ST,-000.0005
26187,ST,-000.0005
26475,ST,-000.0006
26762,ST,-000.0006
27048,ST,-000.0006
27335,ST,-000.0007
27623,ST,-000.0007
27909,ST,-000.0007
28196,ST,-000.0007
28484,ST,-000.0007
28769,ST,-000.0007
29057,ST,-000.0007
29344,ST,-000.0008
29630,ST,-000.0008
29917,ST,-000.0008
30205,ST,-000.0008
30490,ST,-000.0008
30778,ST,-000.0008
31066,ST,-000.0008
31351,ST,-000.0008
31639,ST,-000.0008
31926,ST,-000.0007
32212,ST,-000.0007
32499,ST,-000.0007
32787,ST,-000.0007
33072,ST,-000.0007
33360,ST,-000.0007
33647,ST,-000.0007
33933,ST,-000.0006
34220,ST,-000.0006
34508,ST,-000.0006
34793,ST,-000.0006
35081,ST,-000.0006
35369,ST,-000.0006
35654,ST,-000.0006
35942,ST,-000.0006
36228,US,-000.0001
36516,US,+000.0001
36801,US,+000.0003
37089,ST,+000.0003
37376,ST,+000.0004
37662,US,+000.0006
37950,US,+000.0007
38237,ST,+000.0007
38523,ST,+000.0007
38810,ST,+000.0007
39098,ST,+000.0007
39383,ST,+000.0006
39671,ST,+000.0006
39958,ST,+000.0007
40244,ST,+000.0007
40532,ST,+000.0007
40819,ST,+000.0007
41105,ST,+000.0007
41392,ST,+000.0007
41680,ST,+000.0007
41966,ST,+000.0007
42253,ST,+000.0007
42541,ST,+000.0007
42827,ST,+000.0007
43114,ST,+000.0007
43401,US,+000.0011
43686,US,+000.0012
43974,ST,+000.0012
44261,ST,+000.0012
44547,ST,+000.0011
44835,ST,+000.0011
45122,ST,+000.0010
45408,ST,+000.0010
45695,ST,+000.0010
45983,ST,+000.0010
46268,ST,+000.0010
46556,ST,+000.0010
46844,ST,+000.0010
47132,ST,+000.0010
47417,ST,+000.0010
47705,ST,+000.0009
47992,ST,+000.0009
48278,ST,+000.0009
48565,ST,+000.0009
48853,ST,+000.0008
49139,ST,+000.0008
49426,ST,+000.0008
49713,ST,+000.0007
49999,ST,+000.0007
50287,ST,+000.0007
50574,ST,+000.0006
50860,ST,+000.0006
51146,US,+000.0000
51434,US,+000.0000
51719,ST,+000.0000
52007,ST,+000.0000
52294,ST,+000.0001
52580,ST,+000.0001
52868,ST,+000.0002
53155,US,+000.0005
53441,US,+000.0006
53728,US,+000.0008
54016,US,+000.0009
54301,US,+000.0010
54589,US,+000.0011
54876,US,+000.0013
55162,US,+000.0014
55449,ST,+000.0014
55737,ST,+000.0014
56022,ST,+000.0014
56310,ST,+000.0014
56598,ST,+000.0014
56885,ST,+000.0013
57171,ST,+000.0013
57458,ST,+000.0012
57746,US,+000.0009
58031,US,+000.0008
58319,US,+000.0007
58606,US,+000.0006
58892,US,+000.0005
59179,US,+000.0004
59467,US,+000.0003
59753,US,+000.0002
60040,ST,+000.0002
60328,ST,+000.0002
60613,US,+000.0000
60901,ST,+000.0000
61188,ST,+000.0000
61474,ST,+000.0000
61762,ST,+000.0000
62049,ST,+000.0000
62335,ST,+000.0000
62622,ST,+000.0000
62910,ST,-000.0001
63195,ST,-000.0001
63483,ST,+000.0000
63771,ST,+000.0000
64056,ST,+000.0000
64344,ST,+000.0000
64631,US,+000.0003
64916,US,+000.0004
65204,ST,+000.0005
65491,ST,+000.0005
65777,ST,+000.0005
66064,ST,+000.0005
66352,ST,+000.0006
66637,US,+000.0008
66925,ST,+000.0009
67212,US,+000.0011
67500,US,+000.0013
67786,US,+000.0014
68073,ST,+000.0013
68361,US,+000.0012
68646,ST,+000.0012
68934,ST,+000.0012
69221,ST,+000.0011
69507,US,+000.0009
69794,US,+000.0009
70082,ST,+000.0009
70368,ST,+000.0009
70655,ST,+000.0009
70943,ST,+000.0010
71228,ST,+000.0010
71516,US,+000.0014
71803,US,+000.0015
72089,US,+000.0016
72376,US,+000.0017
72664,ST,+000.0017
72949,ST,+000.0016
73237,US,+000.0015
73525,ST,+000.0014
73810,US,+000.0011
74098,US,+000.0010
74385,US,+000.0009
74671,ST,+000.0010
74958,US,+000.0011
75246,ST,+000.0011
75531,ST,+000.0011
75819,ST,+000.0011
76107,ST,+000.0011
76392,ST,+000.0011
76680,ST,+000.0010
76967,ST,+000.0010
77254,US,+000.0006
77540,US,+000.0006
77827,ST,+000.0005
78115,ST,+000.0005
78401,ST,+000.0004
78688,ST,+000.0005
78976,ST,+000.0005
79261,ST,+000.0005
79549,ST,+000.0006
79837,ST,+000.0006
80122,US,+000.0010
80409,ST,+000.0010
80697,ST,+000.0010
80983,ST,+000.0010
81270,ST,+000.0010
81558,ST,+000.0010
81843,ST,+000.0010
82131,ST,+000.0011
82418,ST,+000.0011
82704,US,+000.0014
82991,US,+000.0015
83279,ST,+000.0014
83564,ST,+000.0014
83852,ST,+000.0014
84140,ST,+000.0015
84425,ST,+000.0015
84713,ST,+000.0015
85000,ST,+000.0015
85286,ST,+000.0015
85574,ST,+000.0015
85861,ST,+000.0015
86147,ST,+000.0015
86434,ST,+000.0015
86722,ST,+000.0015
87008,ST,+000.0015
87295,ST,+000.0016
87583,ST,+000.0016
87870,ST,+000.0016
88156,ST,+000.0016
88443,ST,+000.0016
88731,ST,+000.0016
89017,ST,+000.0016
89303,US,+000.0014
89591,US,+000.0013
89876,ST,+000.0014
90164,ST,+000.0014
90451,ST,+000.0014
90737,ST,+000.0015
91025,ST,+000.0015
91312,ST,+000.0015
91598,ST,+000.0015
91885,ST,+000.0015
92173,ST,+000.0015
92458,ST,+000.0015
92746,ST,+000.0015
93034,ST,+000.0014
93319,ST,+000.0014
93607,ST,+000.0014
93895,ST,+000.0015
94179,US,+000.0020
94467,US,+000.0021
94754,ST,+000.0022
95040,ST,+000.0023
95327,ST,+000.0023
95615,ST,+000.0022
95901,ST,+000.0022
96188,ST,+000.0022
96476,ST,+000.0022
96761,ST,+000.0022
97049,ST,+000.0022
97337,ST,+000.0022
97622,ST,+000.0022
97910,ST,+000.0022
98197,US,+000.0017
98484,US,+000.0016
98770,US,+000.0015
99057,ST,+000.0015
99345,ST,+000.0016
99631,ST,+000.0016
99918,ST,+000.0016
100206,ST,+000.0016
100491,ST,+000.0016
100779,ST,+000.0016
101067,ST,+000.0016
101352,ST,+000.0015
101640,ST,+000.0015
101927,ST,+000.0015
102213,ST,+000.0015
102500,ST,+000.0014
102788,ST,+000.0014
103074,ST,+000.0014
103361,ST,+000.0013
103649,ST,+000.0013
103934,ST,+000.0013
104222,ST,+000.0013
104510,ST,+000.0012
104795,ST,+000.0012
105083,ST,+000.0012
105370,ST,+000.0011
105656,ST,+000.0011
105943,ST,+000.0010
106231,ST,+000.0010
106516,ST,+000.0010
106804,ST,+000.0010
107091,US,+000.0014
107376,US,+000.0017
107664,US,+000.0020
107951,US,+000.0022
108239,US,+000.0023
108524,US,+000.0024
108812,ST,+000.0024
109099,US,+000.0022
109385,US,+000.0021
109673,ST,+000.0020
109960,ST,+000.0020
110246,ST,+000.0019
110533,US,+000.0018
110821,US,+000.0017
111106,ST,+000.0017
111394,ST,+000.0016
111681,US,+000.0015
111967,US,+000.0013
112254,US,+000.0011
112542,US,+000.0010
112828,ST,+000.0010
113115,ST,+000.0010
113403,ST,+000.0009
113688,ST,+000.0009
113976,ST,+000.0009
114263,ST,+000.0009
114549,ST,+000.0010
114837,ST,+000.0010
115124,ST,+000.0011
115409,US,+000.0014
115697,US,+000.0015
115984,US,+000.0016
116270,ST,+000.0017
116557,ST,+000.0018
116845,US,+000.0019
117131,US,+000.0020
117418,US,+000.0021
117706,ST,+000.0022
117991,ST,+000.0022
118279,ST,+000.0022
118566,ST,+000.0021
118854,ST,+000.0021
119139,ST,+000.0020
119427,ST,+000.0020
119714,US,+000.0016
120000,US,+000.0014
120287,US,+000.0013
120575,US,+000.0011
120860,US,+000.0010
121148,US,+000.0009
121436,US,+000.0008
121721,ST,+000.0008
122009,ST,+000.0008
122296,ST,+000.0009
122582,ST,+000.0009
122869,ST,+000.0009
123157,ST,+000.0009
123443,ST,+000.0009
123730,ST,+000.0009
124018,ST,+000.0009
124303,ST,+000.0009
124591,ST,+000.0009
124879,ST,+000.0009
125164,ST,+000.0009
125452,ST,+000.0009
125739,ST,+000.0009
126025,ST,+000.0009
126313,ST,+000.0009
126600,ST,+000.0009
126886,ST,+000.0009
127172,US,+000.0007
127460,US,+000.0007
127745,ST,+000.0007
128033,ST,+000.0007
128321,ST,+000.0008
128608,ST,+000.0008
128894,ST,+000.0008
129181,ST,+000.0008
129469,ST,+000.0008
129755,ST,+000.0007
130042,US,+000.0003
130329,ST,+000.0003
130615,ST,+000.0002
130902,ST,+000.0002
131190,ST,+000.0003
131476,ST,+000.0003
131763,ST,+000.0003
132051,ST,+000.0002
132336,ST,+000.0002
132624,ST,+000.0002
132912,ST,+000.0002
133197,ST,+000.0001
133485,ST,+000.0001
133772,ST,+000.0001
134058,US,-000.0004
134345,US,-000.0005
134632,US,-000.0007
134918,US,-000.0009
135206,US,-000.0010
135493,US,-000.0012
135779,US,-000.0013
136066,ST,-000.0013
136354,ST,-000.0013
136639,US,-000.0012
136927,US,-000.0011
137214,ST,-000.0011
137500,ST,-000.0011
137788,ST,-000.0011
138075,ST,-000.0011
138361,ST,-000.0011
138649,ST,-000.0011
138936,ST,-000.0011
139223,US,-000.0015
139509,US,-000.0015
139796,ST,-000.0016
140084,US,-000.0017
140369,ST,-000.0017
140657,ST,-000.0018
140944,US,-000.0021
141230,US,-000.0023
141517,US,-000.0025
141805,US,-000.0026
142091,US,-000.0027
142378,ST,-000.0027
142666,ST,-000.0028
142951,ST,-000.0028
143239,ST,-000.0028
143526,ST,-000.0028
143812,ST,-000.0027
144100,ST,-000.0027
144387,ST,-000.0027
144673,ST,-000.0027
144960,ST,-000.0028
145248,ST,-000.0028
145533,US,-000.0033
145821,US,-000.0035
146108,US,-000.0036
146394,US,-000.0038
146681,ST,-000.0038
146969,ST,-000.0037
147254,US,-000.0036
147542,ST,-000.0035
147829,ST,-000.0035
148115,ST,-000.0034
148402,US,-000.0033
148690,ST,-000.0034
148976,US,-000.0035
149263,US,-000.0036
149551,US,-000.0040
149838,US,-000.0043
150124,US,-000.0045
150411,US,-000.0047
150699,US,-000.0048
150984,US,-000.0049
151272,ST,-000.0049
151560,ST,-000.0049
151845,ST,-000.0049
152133,ST,-000.0049
152420,ST,-000.0049
152706,ST,-000.0049
152993,ST,-000.0050
153281,ST,-000.0050
153567,ST,-000.0050
153854,ST,-000.0050
154141,US,-000.0054
154427,US,-000.0055
154714,US,-000.0056
155002,US,-000.0058
155287,US,-000.0060
155575,US,-000.0061
155862,ST,-000.0061
156148,ST,-000.0061
156436,ST,-000.0061
156723,ST,-000.0061
157009,ST,-000.0061
157296,ST,-000.0061
157584,ST,-000.0062
157870,ST,-000.0062
158157,US,-000.0066
158444,US,-000.0067
158730,US,-000.0068
159017,US,-000.0069
159305,ST,-000.0069
159592,ST,-000.0069
159878,ST,-000.0070
160166,ST,-000.0071
160453,US,-000.0074
160739,US,-000.0076
161026,US,-000.0078
161314,US,-000.0080
161599,US,-000.0082
161887,US,-000.0083
162174,US,-000.0084
162460,ST,-000.0084
162748,ST,-000.0084
163035,ST,-000.0085
163321,ST,-000.0084
163608,ST,-000.0084
163896,ST,-000.0084
164181,ST,-000.0084
164469,ST,-000.0084
164756,ST,-000.0084
165042,ST,-000.0084
165330,ST,-000.0084
165617,ST,-000.0084
165903,ST,-000.0084
166191,ST,-000.0084
166478,ST,-000.0084
166764,ST,-000.0084
167051,ST,-000.0084
167339,ST,-000.0084
167624,ST,-000.0084
167911,US,-000.0091
168199,US,-000.0095
168484,US,-000.0099
168772,US,-000.0102
169059,US,-000.0105
169345,US,-000.0108
169632,US,-000.0110
169920,US,-000.0111
170207,ST,-000.0111
170493,ST,-000.0111
170780,ST,-000.0111
171068,ST,-000.0111
171354,ST,-000.0111
171641,ST,-000.0111
171929,ST,-000.0111
172214,ST,-000.0111
172502,ST,-000.0112
172790,ST,-000.0112
173075,US,-000.0116
173363,US,-000.0117
173650,ST,-000.0117
173935,ST,-000.0117
174223,ST,-000.0117
174511,ST,-000.0116
174796,ST,-000.0116
175084,ST,-000.0116
175371,ST,-000.0116
175657,ST,-000.0116
175945,ST,-000.0117
176232,US,-000.0122
176517,US,-000.0124
176805,US,-000.0126
177092,US,-000.0127
177378,US,-000.0128
177666,US,-000.0129
177953,ST,-000.0129
178239,ST,-000.0130
178526,ST,-000.0130
178814,ST,-000.0130
179099,ST,-000.0129
179387,ST,-000.0129
179675,ST,-000.0129
179960,ST,-000.0129
180248,ST,-000.0129
180535,ST,-000.0130
180822,US,-000.0134
181108,US,-000.0135
181395,US,-000.0137
181683,US,-000.0139
181969,ST,-000.0139
182256,ST,-000.0140
182544,ST,-000.0141
182829,ST,-000.0141
183117,ST,-000.0141
183404,ST,-000.0141
183690,ST,-000.0140
183978,ST,-000.0140
184265,ST,-000.0140
184551,ST,-000.0139
184838,ST,-000.0139
185126,ST,-000.0139
185411,ST,-000.0139
185699,ST,-000.0139
185987,ST,-000.0139
186272,ST,-000.0139
186560,ST,-000.0139
186848,ST,-000.0139
187133,ST,-000.0139
187421,ST,-000.0139
187708,ST,-000.0140
187994,ST,-000.0140
188282,ST,-000.0140
188569,ST,-000.0140
188855,ST,-000.0140
189142,ST,-000.0140
189430,ST,-000.0140
189714,US,-000.0138
190002,ST,-000.0138
190290,ST,-000.0138
190577,ST,-000.0138
190863,ST,-000.0138
191150,ST,-000.0138
191438,ST,-000.0139
191723,US,-000.0143
192010,US,-000.0145
192298,US,-000.0146
192584,US,-000.0147
192871,ST,-000.0148
193159,US,-000.0149
193444,ST,-000.0149
193732,ST,-000.0150
194019,ST,-000.0150
194305,US,-000.0152
194592,US,-000.0154
194880,US,-000.0156
195165,US,-000.0158
195453,US,-000.0160
195740,US,-000.0161
196026,ST,-000.0161
196314,ST,-000.0161
196601,ST,-000.0160
196887,US,-000.0159
197174,ST,-000.0159
197462,ST,-000.0158
197747,US,-000.0156
198035,ST,-000.0156
198322,US,-000.0155
198608,ST,-000.0155
198896,ST,-000.0154
199183,ST,-000.0154
199469,ST,-000.0153
199756,US,-000.0152
200044,ST,-000.0152
200329,ST,-000.0152
200617,ST,-000.0153
200905,ST,-000.0153
201192,ST,-000.0153
201478,ST,-000.0152
201765,ST,-000.0152
202053,ST,-000.0152
202338,US,-000.0148
202626,US,-000.0147
202913,ST,-000.0147
203199,ST,-000.0147
203486,ST,-000.0146
203774,ST,-000.0146
204059,ST,-000.0147
204347,ST,-000.0147
204634,ST,-000.0147
204920,ST,-000.0148
205207,US,-000.0152
205495,US,-000.0154
205781,US,-000.0155
206068,US,-000.0156
206356,ST,-000.0156
206641,ST,-000.0156
206929,ST,-000.0156
207216,ST,-000.0156
207502,ST,-000.0156
207789,ST,-000.0156
208077,ST,-000.0156
208363,ST,-000.0156
208650,ST,-000.0157
208938,ST,-000.0157
209223,US,-000.0161
209511,US,-000.0163
209798,US,-000.0165
210084,US,-000.0167
210371,US,-000.0169
210659,US,-000.0171
210944,US,-000.0172
211232,ST,-000.0171
211519,ST,-000.0171
211807,ST,-000.0171
212092,ST,-000.0171
212380,ST,-000.0170
212667,ST,-000.0170
212953,ST,-000.0169
213241,ST,-000.0169
213528,ST,-000.0169
213814,ST,-000.0169
214101,ST,-000.0169
214389,ST,-000.0169
214674,US,-000.0173
214962,US,-000.0174
215249,ST,-000.0174
215535,ST,-000.0173
215823,US,-000.0172
216110,US,-000.0171
216396,ST,-000.0171
216683,US,-000.0169
216971,US,-000.0169
217256,ST,-000.0170
217544,US,-000.0171
217831,ST,-000.0171
218117,ST,-000.0171
218404,ST,-000.0172
218692,ST,-000.0172
218978,ST,-000.0172
219265,ST,-000.0171
219553,ST,-000.0171
219838,ST,-000.0171
220126,ST,-000.0171
220414,ST,-000.0171
220699,ST,-000.0171
220987,ST,-000.0171
221275,ST,-000.0170
221561,US,-000.0166
221847,US,-000.0165
222134,US,-000.0164
222422,ST,-000.0164
222707,ST,-000.0165
222995,ST,-000.0165
223283,ST,-000.0165
223568,ST,-000.0165
223856,ST,-000.0165
224143,ST,-000.0166
224429,ST,-000.0166
224716,ST,-000.0166
225004,ST,-000.0167
225289,US,-000.0171
225577,ST,-000.0171
225864,ST,-000.0171
226150,ST,-000.0171
226437,US,-000.0173
226725,ST,-000.0173
227011,ST,-000.0172
227298,ST,-000.0172
227586,ST,-000.0171
227871,ST,-000.0170
228159,US,-000.0166
228446,US,-000.0164
228732,ST,-000.0164
229019,ST,-000.0164
229307,ST,-000.0163
229592,ST,-000.0163
229880,ST,-000.0163
230167,ST,-000.0163
230453,ST,-000.0163
230741,ST,-000.0164
231028,ST,-000.0164
231316,ST,-000.0164
231601,ST,-000.0164
231889,ST,-000.0165
232177,ST,-000.0165
232462,ST,-000.0165
232750,ST,-000.0165
233037,ST,-000.0165
233323,ST,-000.0165
233611,ST,-000.0165
233898,ST,-000.0165
234184,ST,-000.0165
234470,US,-000.0170
234758,US,-000.0171
235044,ST,-000.0171
235331,ST,-000.0171
235619,ST,-000.0171
235904,ST,-000.0171
236192,ST,-000.0170
236479,ST,-000.0170
236765,ST,-000.0169
237053,ST,-000.0169
237340,US,-000.0166
237625,US,-000.0165
237913,ST,-000.0166
238201,ST,-000.0166
238486,ST,-000.0166
238774,ST,-000.0167
239061,ST,-000.0167
239347,ST,-000.0167
239635,ST,-000.0168
239922,ST,-000.0168
