window,t_ms,status,mg
A_holding,48,US,1529.4
A_holding,332,US,1530.2
A_holding,619,US,1534.6
A_holding,907,US,1535.2
A_holding,1193,US,1534.4
A_holding,1480,US,1532.3
A_holding,1768,US,1532.3
A_holding,2053,US,1531.5
A_holding,2341,US,1531.2999
A_holding,2628,US,1531.6
A_holding,2914,US,1531.8
A_holding,3202,ST,1531.7001
A_holding,3489,ST,1531.6
A_holding,3775,US,1531.8
A_holding,4062,US,1531.9
A_holding,4350,ST,1531.9
A_holding,4635,US,1534.2999
A_holding,4923,US,1534.2
A_holding,5210,US,1533.8
A_holding,5496,US,1533.6
A_holding,5783,US,1533.2001
A_holding,6071,US,1533.4
A_holding,6357,ST,1533.3
A_holding,6644,ST,1533.4
A_holding,6932,ST,1533.4
A_holding,7219,ST,1533.4
A_holding,7505,ST,1533.4
A_holding,7792,US,1534.0
A_holding,8080,US,1534.1001
A_holding,8365,US,1532.0
A_holding,8653,US,1533.7
A_holding,8940,US,1534.1001
A_holding,9226,US,1534.2
A_holding,9513,ST,1534.2999
A_holding,9801,US,1533.9
A_holding,10086,US,1531.2001
A_holding,10374,US,1531.2999
A_holding,10661,US,1531.8
A_holding,10947,US,1535.4
A_holding,11234,US,1536.9
A_holding,11522,US,1536.2999
A_holding,11808,US,1535.7999
A_holding,12095,US,1532.4
A_holding,12383,US,1531.4
A_holding,12668,US,1530.9
A_holding,12956,US,1531.5
A_holding,13243,US,1532.9
A_holding,13529,US,1532.6001
A_holding,13816,US,1532.5
A_holding,14104,ST,1532.5
A_holding,14389,US,1532.9
A_holding,14677,US,1537.3
A_holding,14964,US,1535.1
A_holding,15250,US,1529.8999
A_holding,15537,US,1527.7999
A_holding,15825,US,1531.6
A_holding,16111,US,1531.2999
A_holding,16398,US,1529.7001
A_holding,16686,US,1532.0
A_holding,16971,US,1531.4
A_holding,17259,US,1531.0
A_holding,17547,US,1530.7
A_holding,17832,US,1530.4
A_holding,18120,US,1530.2
A_holding,18407,ST,1530.2
A_holding,18695,US,1530.0
A_holding,18980,ST,1530.1
A_holding,19268,US,1530.4
A_holding,19556,US,1530.9
A_holding,19841,US,1531.5
A_holding,20129,US,1531.8
A_holding,20416,US,1531.9
A_holding,20702,ST,1532.0
A_holding,20989,US,1532.1
A_holding,21277,US,1531.8
A_holding,21562,US,1531.5
A_holding,21850,US,1531.2001
A_holding,22137,US,1531.5
A_holding,22423,US,1531.8
A_holding,22711,US,1531.9
A_holding,22998,US,1532.5
A_holding,23284,US,1533.2001
A_holding,23571,US,1533.6
A_holding,23858,US,1530.7999
A_holding,24144,US,1530.3
A_holding,24431,US,1530.4
A_holding,24719,US,1534.1001
A_holding,25004,US,1532.0
A_holding,25292,US,1532.1
A_holding,25580,US,1531.9
A_holding,25865,US,1531.8
A_holding,26153,US,1532.0
A_holding,26440,US,1532.2
A_holding,26726,ST,1532.2
A_holding,27014,ST,1532.2
A_holding,27301,ST,1532.2
A_holding,27587,ST,1532.3
A_holding,27874,ST,1532.2
A_holding,28162,US,1532.0
A_holding,28447,US,1531.4
A_holding,28735,US,1531.0
A_holding,29022,US,1530.5
A_holding,29310,US,1530.2
A_holding,29595,US,1530.1
A_holding,29883,US,1530.3
B_released,78,US,1533.2001
B_released,366,US,1533.4
B_released,651,US,1529.2
B_released,939,US,1529.2
B_released,1226,US,1530.2
B_released,1512,US,1530.4
B_released,1799,US,1530.7999
B_released,2087,US,1530.9
B_released,2373,US,1531.2001
B_released,2660,US,1531.6
B_released,2948,US,1531.7001
B_released,3233,US,1528.0
B_released,3521,US,1528.3999
B_released,3808,US,1529.4
B_released,4094,US,1530.0
B_released,4381,US,1530.0
B_released,4669,ST,1530.0
B_released,4954,US,1530.1
B_released,5242,US,1530.5
B_released,5530,US,1531.0
B_released,5815,US,1531.5
B_released,6103,US,1531.9
B_released,6390,US,1528.2001
B_released,6675,US,1526.8
B_released,6963,US,1529.8
B_released,7251,US,1534.2999
B_released,7536,US,1533.1
B_released,7824,US,1532.2
B_released,8111,US,1531.6
B_released,8397,US,1531.4
B_released,8684,US,1531.2001
B_released,8972,US,1531.0
B_released,9260,US,1530.7999
B_released,9545,US,1530.3
B_released,9833,US,1529.8999
B_released,10120,US,1529.8
B_released,10406,US,1529.4
B_released,10693,US,1529.0
B_released,10981,US,1528.9
B_released,11267,US,1528.8
B_released,11554,US,1529.1
B_released,11841,US,1533.2001
B_released,12127,US,1534.0
B_released,12414,US,1533.5
B_released,12702,US,1532.7999
B_released,12988,US,1532.2
B_released,13275,US,1532.0
B_released,13563,US,1531.9
B_released,13848,US,1527.1
B_released,14136,US,1528.0
B_released,14423,US,1527.7
B_released,14709,US,1527.3
B_released,14996,US,1527.4
B_released,15284,US,1527.7
B_released,15570,US,1528.0
B_released,15857,US,1528.0
B_released,16144,US,1524.6
B_released,16430,US,1527.3
B_released,16717,US,1529.4
B_released,17005,US,1529.5
B_released,17291,US,1529.0
B_released,17578,US,1529.2999
B_released,17866,US,1529.5
B_released,18151,US,1529.6
B_released,18439,US,1529.8
B_released,18727,ST,1529.8
B_released,19012,ST,1529.8
B_released,19300,US,1530.1
B_released,19587,US,1530.2
B_released,19873,US,1530.6
B_released,20160,US,1530.7999
B_released,20448,US,1531.1
B_released,20735,US,1528.1
B_released,21021,US,1528.3
B_released,21308,US,1530.3
B_released,21596,US,1530.3
B_released,21881,US,1530.3
B_released,22169,US,1530.0
B_released,22456,US,1530.2
B_released,22742,US,1530.5
B_released,23030,US,1530.6
B_released,23317,US,1527.6001
B_released,23602,US,1530.7999
B_released,23890,US,1532.4
B_released,24177,US,1532.1
B_released,24463,US,1531.6
B_released,24751,US,1531.2001
B_released,25038,US,1530.9
B_released,25324,US,1531.0
B_released,25611,ST,1531.0
B_released,25899,ST,1531.0
B_released,26185,ST,1531.0
B_released,26472,ST,1531.1
B_released,26760,US,1531.2001
B_released,27045,ST,1531.2001
B_released,27333,ST,1531.2001
B_released,27620,US,1531.6
B_released,27906,ST,1531.5
B_released,28194,US,1531.2001
B_released,28481,US,1531.2001
B_released,28767,ST,1531.2999
B_released,29054,ST,1531.4
B_released,29342,ST,1531.4
B_released,29627,US,1531.0
B_released,29915,US,1531.2999
C_holding,77,US,1529.5
C_holding,365,US,1529.8
C_holding,652,US,1529.8
C_holding,938,US,1529.5
C_holding,1225,US,1529.5
C_holding,1513,ST,1529.5
C_holding,1799,US,1529.7001
C_holding,2086,US,1529.8
C_holding,2373,US,1527.2
C_holding,2659,US,1528.8
C_holding,2946,US,1532.2
C_holding,3234,US,1535.0
C_holding,3519,US,1533.1
C_holding,3807,US,1530.7999
C_holding,4094,US,1528.7
C_holding,4380,US,1528.7
C_holding,4668,US,1529.2
C_holding,4955,US,1529.5
C_holding,5241,US,1529.8
C_holding,5528,US,1530.0
C_holding,5816,ST,1530.0
C_holding,6102,US,1530.2
C_holding,6389,US,1530.7
C_holding,6676,US,1526.6
C_holding,6962,US,1526.8
C_holding,7249,US,1528.8
C_holding,7537,US,1531.1
C_holding,7822,US,1530.6
C_holding,8110,US,1530.4
C_holding,8398,US,1530.2
C_holding,8683,US,1530.1
C_holding,8971,US,1529.8
C_holding,9258,US,1529.5
C_holding,9544,ST,1529.5
C_holding,9832,ST,1529.4
C_holding,10119,US,1527.7999
C_holding,10404,US,1529.2999
C_holding,10692,US,1529.6
C_holding,10980,US,1529.8
C_holding,11267,US,1530.4
C_holding,11552,US,1533.4
C_holding,11840,US,1532.3
C_holding,12127,US,1527.3
C_holding,12413,US,1529.8999
C_holding,12700,US,1532.7999
C_holding,12988,US,1531.2999
C_holding,13274,US,1530.5
C_holding,13561,US,1530.1
C_holding,13849,US,1529.5
C_holding,14134,US,1529.5
C_holding,14422,US,1529.6
C_holding,14710,ST,1529.5
C_holding,14995,US,1529.4
C_holding,15283,US,1529.6
C_holding,15570,US,1530.0
C_holding,15856,US,1530.5
C_holding,16143,US,1531.1
C_holding,16431,US,1531.4
C_holding,16716,US,1530.3
C_holding,17004,US,1530.3
C_holding,17291,ST,1530.3
C_holding,17577,ST,1530.4
C_holding,17864,US,1530.1
C_holding,18152,US,1530.1
C_holding,18438,US,1530.2
C_holding,18726,ST,1530.2
C_holding,19013,ST,1530.2
C_holding,19299,ST,1530.3
C_holding,19586,US,1531.1
C_holding,19874,US,1531.8
C_holding,20159,US,1530.5
C_holding,20446,US,1531.9
C_holding,20734,US,1532.0
C_holding,21019,US,1531.7001
C_holding,21307,ST,1531.8
C_holding,21595,US,1531.6
C_holding,21880,US,1531.5
C_holding,22168,ST,1531.6
C_holding,22455,ST,1531.6
C_holding,22743,ST,1531.7001
C_holding,23029,ST,1531.8
C_holding,23316,US,1532.5
C_holding,23604,US,1533.1
C_holding,23889,US,1533.5
C_holding,24176,US,1530.5
C_holding,24464,US,1532.3
C_holding,24749,US,1533.1
C_holding,25037,US,1533.1
C_holding,25324,ST,1533.1
C_holding,25610,US,1532.7
C_holding,25898,US,1532.5
C_holding,26185,US,1535.7999
C_holding,26471,US,1535.0
C_holding,26758,US,1532.0
C_holding,27046,US,1531.2001
C_holding,27331,US,1531.7001
C_holding,27619,US,1532.4
C_holding,27906,US,1532.2
C_holding,28192,US,1532.1
C_holding,28480,US,1532.3
C_holding,28767,US,1532.7
C_holding,29053,US,1533.0
C_holding,29340,US,1528.5
C_holding,29627,US,1528.3
C_holding,29913,ST,1528.2001
