run_id,powder_id,block,tilt_deg,rpm,t_ms,grams,stable
20260804T204316Z_brown-rice-flour,brown-rice-flour,D,45.0,15.0,225570,0.0,1
20260804T204316Z_brown-rice-flour,brown-rice-flour,D,45.0,15.0,225857,0.0001,1
20260804T204316Z_brown-rice-flour,brown-rice-flour,D,45.0,15.0,226143,0.0,1
20260804T204316Z_brown-rice-flour,brown-rice-flour,D,45.0,15.0,226431,0.0,1
20260804T204316Z_brown-rice-flour,brown-rice-flour,D,45.0,15.0,226717,0.0,1
20260804T204316Z_brown-rice-flour,brown-rice-flour,D,45.0,15.0,227005,0.0001,1
20260804T204316Z_brown-rice-flour,brown-rice-flour,D,45.0,15.0,227291,0.0,1
20260804T204316Z_brown-rice-flour,brown-rice-flour,D,45.0,15.0,227577,0.0,1
20260804T204316Z_brown-rice-flour,brown-rice-flour,D,45.0,15.0,227865,0.0,1
20260804T204316Z_brown-rice-flour,brown-rice-flour,D,45.0,15.0,228152,0.0,1
20260804T204316Z_brown-rice-flour,brown-rice-flour,D,45.0,15.0,228438,0.0,1
20260804T204316Z_brown-rice-flour,brown-rice-flour,D,45.0,15.0,228725,0.0,1
20260804T204316Z_brown-rice-flour,brown-rice-flour,D,45.0,15.0,229013,0.0,1
20260804T204316Z_brown-rice-flour,brown-rice-flour,D,45.0,15.0,229298,0.0,1
20260804T204316Z_brown-rice-flour,brown-rice-flour,D,45.0,15.0,229586,0.0,1
20260804T204316Z_brown-rice-flour,brown-rice-flour,D,45.0,15.0,229873,0.0,1
20260804T204316Z_brown-rice-flour,brown-rice-flour,D,45.0,15.0,230159,0.0,1
20260804T204316Z_brown-rice-flour,brown-rice-flour,D,45.0,15.0,230447,0.0,1
20260804T204316Z_brown-rice-flour,brown-rice-flour,D,45.0,15.0,230734,0.0,1
20260804T204316Z_brown-rice-flour,brown-rice-flour,D,45.0,15.0,231019,0.0,1
20260804T204316Z_brown-rice-flour,brown-rice-flour,D,45.0,15.0,231307,0.0,1
20260804T204316Z_brown-rice-flour,brown-rice-flour,D,45.0,15.0,231595,0.0,1
20260804T204316Z_brown-rice-flour,brown-rice-flour,D,45.0,15.0,231880,0.0,1
20260804T204316Z_brown-rice-flour,brown-rice-flour,D,45.0,15.0,232168,0.0,1
20260804T204316Z_brown-rice-flour,brown-rice-flour,D,45.0,15.0,232455,0.0,1
20260804T204316Z_brown-rice-flour,brown-rice-flour,D,45.0,15.0,232741,0.0,1
20260804T204316Z_brown-rice-flour,brown-rice-flour,D,45.0,15.0,233028,0.0,1
20260804T204316Z_brown-rice-flour,brown-rice-flour,D,45.0,15.0,233316,0.0,1
20260804T204316Z_brown-rice-flour,brown-rice-flour,D,45.0,15.0,233601,0.0,1
20260804T204316Z_brown-rice-flour,brown-rice-flour,D,45.0,15.0,233889,0.0,1
20260804T204316Z_brown-rice-flour,brown-rice-flour,D,45.0,15.0,234176,0.0,1
20260804T204316Z_brown-rice-flour,brown-rice-flour,D,45.0,15.0,234464,0.0,1
20260804T204316Z_brown-rice-flour,brown-rice-flour,D,45.0,15.0,234749,0.0,1
20260804T204316Z_brown-rice-flour,brown-rice-flour,D,45.0,15.0,235037,0.0,1
20260804T204316Z_brown-rice-flour,brown-rice-flour,D,45.0,15.0,235325,0.0,1
20260804T204316Z_brown-rice-flour,brown-rice-flour,D,45.0,15.0,235610,0.0,1
20260804T204316Z_brown-rice-flour,brown-rice-flour,D,45.0,15.0,235898,0.0,1
20260804T204316Z_brown-rice-flour,brown-rice-flour,D,45.0,15.0,236185,0.0,1
20260804T204316Z_brown-rice-flour,brown-rice-flour,D,45.0,15.0,236471,0.0,1
20260804T204316Z_brown-rice-flour,brown-rice-flour,D,45.0,15.0,236758,0.0,1
20260804T204316Z_brown-rice-flour,brown-rice-flour,D,45.0,15.0,237046,0.0,1
20260804T204316Z_brown-rice-flour,brown-rice-flour,D,45.0,15.0,237331,0.0,1
20260804T204316Z_brown-rice-flour,brown-rice-flour,D,45.0,15.0,237619,0.0,1
20260804T204316Z_brown-rice-flour,brown-rice-flour,D,45.0,15.0,237906,0.0,1
20260804T204316Z_brown-rice-flour,brown-rice-flour,D,45.0,15.0,238192,0.0,1
20260804T204316Z_brown-rice-flour,brown-rice-flour,D,45.0,15.0,238479,0.0005,0
20260804T204316Z_brown-rice-flour,brown-rice-flour,D,45.0,15.0,238767,-0.0095,0
20260804T204316Z_brown-rice-flour,brown-rice-flour,D,45.0,15.0,239052,0.0034,0
20260804T204316Z_brown-rice-flour,brown-rice-flour,D,45.0,45.0,241634,0.0,1
20260804T204316Z_brown-rice-flour,brown-rice-flour,D,45.0,45.0,241921,0.0,1
20260804T204316Z_brown-rice-flour,brown-rice-flour,D,45.0,45.0,242209,0.0,1
20260804T204316Z_brown-rice-flour,brown-rice-flour,D,45.0,45.0,242494,0.0,1
20260804T204316Z_brown-rice-flour,brown-rice-flour,D,45.0,45.0,242782,0.0,1
20260804T204316Z_brown-rice-flour,brown-rice-flour,D,45.0,45.0,243069,0.0,1
20260804T204316Z_brown-rice-flour,brown-rice-flour,D,45.0,45.0,243357,0.0,1
20260804T204316Z_brown-rice-flour,brown-rice-flour,D,45.0,45.0,243643,0.0,1
20260804T204316Z_brown-rice-flour,brown-rice-flour,D,45.0,45.0,243930,0.0,1
20260804T204316Z_brown-rice-flour,brown-rice-flour,D,45.0,45.0,244218,0.0,1
20260804T204316Z_brown-rice-flour,brown-rice-flour,D,45.0,45.0,244504,0.0,1
20260804T204316Z_brown-rice-flour,brown-rice-flour,D,45.0,45.0,244791,0.0,1
20260804T204316Z_brown-rice-flour,brown-rice-flour,D,45.0,45.0,245079,0.0,1
20260804T204316Z_brown-rice-flour,brown-rice-flour,D,45.0,45.0,245364,0.0,1
20260804T204316Z_brown-rice-flour,brown-rice-flour,D,45.0,45.0,245652,0.0,1
20260804T204316Z_brown-rice-flour,brown-rice-flour,D,45.0,45.0,245940,0.0,1
20260804T204316Z_brown-rice-flour,brown-rice-flour,D,45.0,90.0,248426,0.0,1
20260804T204316Z_brown-rice-flour,brown-rice-flour,D,45.0,90.0,248711,0.0,1
20260804T204316Z_brown-rice-flour,brown-rice-flour,D,45.0,90.0,248999,0.0,1
20260804T204316Z_brown-rice-flour,brown-rice-flour,D,45.0,90.0,249286,0.0,1
20260804T204316Z_brown-rice-flour,brown-rice-flour,D,45.0,90.0,249574,0.0,1
20260804T204316Z_brown-rice-flour,brown-rice-flour,D,45.0,90.0,249859,0.0,1
20260804T204316Z_brown-rice-flour,brown-rice-flour,D,45.0,90.0,250147,0.0,1
20260804T204316Z_brown-rice-flour,brown-rice-flour,D,45.0,90.0,250434,0.0,1
20260804T211422Z_white-rice-flour,white-rice-flour,D,45.0,15.0,222116,0.0,1
20260804T211422Z_white-rice-flour,white-rice-flour,D,45.0,15.0,222404,0.0,1
20260804T211422Z_white-rice-flour,white-rice-flour,D,45.0,15.0,222689,0.0,1
20260804T211422Z_white-rice-flour,white-rice-flour,D,45.0,15.0,222976,0.0004,0
20260804T211422Z_white-rice-flour,white-rice-flour,D,45.0,15.0,223264,0.0008,0
20260804T211422Z_white-rice-flour,white-rice-flour,D,45.0,15.0,223549,0.0015,0
20260804T211422Z_white-rice-flour,white-rice-flour,D,45.0,15.0,223837,0.0024,0
20260804T211422Z_white-rice-flour,white-rice-flour,D,45.0,15.0,224124,0.009,0
20260804T211422Z_white-rice-flour,white-rice-flour,D,45.0,15.0,224409,0.0094,0
20260804T211422Z_white-rice-flour,white-rice-flour,D,45.0,15.0,224697,0.0099,0
20260804T211422Z_white-rice-flour,white-rice-flour,D,45.0,15.0,224984,0.0176,0
20260804T211422Z_white-rice-flour,white-rice-flour,D,45.0,15.0,225273,0.0223,0
20260804T211422Z_white-rice-flour,white-rice-flour,D,45.0,15.0,225558,0.0257,0
20260804T211422Z_white-rice-flour,white-rice-flour,D,45.0,15.0,225845,0.0293,0
20260804T211422Z_white-rice-flour,white-rice-flour,D,45.0,15.0,226133,0.0296,0
20260804T211422Z_white-rice-flour,white-rice-flour,D,45.0,15.0,226419,0.0303,0
20260804T211422Z_white-rice-flour,white-rice-flour,D,45.0,15.0,226706,0.0308,0
20260804T211422Z_white-rice-flour,white-rice-flour,D,45.0,15.0,226994,0.0311,0
20260804T211422Z_white-rice-flour,white-rice-flour,D,45.0,15.0,227279,0.0314,0
20260804T211422Z_white-rice-flour,white-rice-flour,D,45.0,15.0,227567,0.0317,0
20260804T211422Z_white-rice-flour,white-rice-flour,D,45.0,15.0,227854,0.032,0
20260804T211422Z_white-rice-flour,white-rice-flour,D,45.0,15.0,228141,0.0325,0
20260804T211422Z_white-rice-flour,white-rice-flour,D,45.0,15.0,228428,0.0331,0
20260804T211422Z_white-rice-flour,white-rice-flour,D,45.0,15.0,228715,0.0337,0
20260804T211422Z_white-rice-flour,white-rice-flour,D,45.0,15.0,229000,0.0346,0
20260804T211422Z_white-rice-flour,white-rice-flour,D,45.0,15.0,229289,0.0354,0
20260804T211422Z_white-rice-flour,white-rice-flour,D,45.0,15.0,229576,0.0362,0
20260804T211422Z_white-rice-flour,white-rice-flour,D,45.0,15.0,229861,0.037,0
20260804T211422Z_white-rice-flour,white-rice-flour,D,45.0,15.0,230148,0.0378,0
20260804T211422Z_white-rice-flour,white-rice-flour,D,45.0,15.0,230436,0.0385,0
20260804T211422Z_white-rice-flour,white-rice-flour,D,45.0,15.0,230721,0.0391,0
20260804T211422Z_white-rice-flour,white-rice-flour,D,45.0,15.0,231009,0.0396,0
20260804T211422Z_white-rice-flour,white-rice-flour,D,45.0,15.0,231311,0.0402,0
20260804T211422Z_white-rice-flour,white-rice-flour,D,45.0,15.0,231678,0.041,0
20260804T211422Z_white-rice-flour,white-rice-flour,D,45.0,15.0,231965,0.0418,0
20260804T211422Z_white-rice-flour,white-rice-flour,D,45.0,15.0,232254,0.0428,0
20260804T211422Z_white-rice-flour,white-rice-flour,D,45.0,15.0,232539,0.0437,0
20260804T211422Z_white-rice-flour,white-rice-flour,D,45.0,15.0,232826,0.0446,0
20260804T211422Z_white-rice-flour,white-rice-flour,D,45.0,15.0,233114,0.0454,0
20260804T211422Z_white-rice-flour,white-rice-flour,D,45.0,15.0,233399,0.0462,0
20260804T211422Z_white-rice-flour,white-rice-flour,D,45.0,15.0,233687,0.047,0
20260804T211422Z_white-rice-flour,white-rice-flour,D,45.0,15.0,233974,0.0477,0
20260804T211422Z_white-rice-flour,white-rice-flour,D,45.0,15.0,234260,0.0484,0
20260804T211422Z_white-rice-flour,white-rice-flour,D,45.0,15.0,234548,0.0491,0
20260804T211422Z_white-rice-flour,white-rice-flour,D,45.0,15.0,234835,0.05,0
20260804T211422Z_white-rice-flour,white-rice-flour,D,45.0,15.0,235120,0.0509,0
20260804T211422Z_white-rice-flour,white-rice-flour,D,45.0,15.0,235408,0.0517,0
20260804T211422Z_white-rice-flour,white-rice-flour,D,45.0,15.0,235696,0.0524,0
20260804T211422Z_white-rice-flour,white-rice-flour,D,45.0,45.0,239138,0.0572,1
20260804T211422Z_white-rice-flour,white-rice-flour,D,45.0,45.0,239426,0.0572,1
20260804T211422Z_white-rice-flour,white-rice-flour,D,45.0,45.0,239711,0.0573,1
20260804T211422Z_white-rice-flour,white-rice-flour,D,45.0,45.0,239998,0.0613,0
20260804T211422Z_white-rice-flour,white-rice-flour,D,45.0,45.0,240286,0.069,0
20260804T211422Z_white-rice-flour,white-rice-flour,D,45.0,45.0,240571,0.0711,0
20260804T211422Z_white-rice-flour,white-rice-flour,D,45.0,45.0,240859,0.0739,0
20260804T211422Z_white-rice-flour,white-rice-flour,D,45.0,45.0,241146,0.0814,0
20260804T211422Z_white-rice-flour,white-rice-flour,D,45.0,45.0,241432,0.0914,0
20260804T211422Z_white-rice-flour,white-rice-flour,D,45.0,45.0,241719,0.0956,0
20260804T211422Z_white-rice-flour,white-rice-flour,D,45.0,45.0,242007,0.0964,0
20260804T211422Z_white-rice-flour,white-rice-flour,D,45.0,45.0,242293,0.097,0
20260804T211422Z_white-rice-flour,white-rice-flour,D,45.0,45.0,242580,0.1041,0
20260804T211422Z_white-rice-flour,white-rice-flour,D,45.0,45.0,242868,0.1103,0
20260804T211422Z_white-rice-flour,white-rice-flour,D,45.0,45.0,243154,0.1122,0
20260804T211422Z_white-rice-flour,white-rice-flour,D,45.0,45.0,243442,0.1134,0
20260804T211422Z_white-rice-flour,white-rice-flour,D,45.0,90.0,246023,0.1295,1
20260804T211422Z_white-rice-flour,white-rice-flour,D,45.0,90.0,246310,0.1295,1
20260804T211422Z_white-rice-flour,white-rice-flour,D,45.0,90.0,246598,0.1295,1
20260804T211422Z_white-rice-flour,white-rice-flour,D,45.0,90.0,246883,0.1347,0
20260804T211422Z_white-rice-flour,white-rice-flour,D,45.0,90.0,247171,0.1535,0
20260804T211422Z_white-rice-flour,white-rice-flour,D,45.0,90.0,247458,0.1714,0
20260804T211422Z_white-rice-flour,white-rice-flour,D,45.0,90.0,247744,0.1834,0
20260804T211422Z_white-rice-flour,white-rice-flour,D,45.0,90.0,248031,0.2083,0
20260804T224937Z_brown-rice-flour,brown-rice-flour,D,45.0,15.0,221097,0.0,1
20260804T224937Z_brown-rice-flour,brown-rice-flour,D,45.0,15.0,221383,0.0,1
20260804T224937Z_brown-rice-flour,brown-rice-flour,D,45.0,15.0,221670,0.0,1
20260804T224937Z_brown-rice-flour,brown-rice-flour,D,45.0,15.0,221958,0.0,1
20260804T224937Z_brown-rice-flour,brown-rice-flour,D,45.0,15.0,222243,0.0,1
20260804T224937Z_brown-rice-flour,brown-rice-flour,D,45.0,15.0,222531,0.0,1
20260804T224937Z_brown-rice-flour,brown-rice-flour,D,45.0,15.0,222818,0.0,1
20260804T224937Z_brown-rice-flour,brown-rice-flour,D,45.0,15.0,223104,0.0,1
20260804T224937Z_brown-rice-flour,brown-rice-flour,D,45.0,15.0,223392,0.0,1
20260804T224937Z_brown-rice-flour,brown-rice-flour,D,45.0,15.0,223679,0.0,1
20260804T224937Z_brown-rice-flour,brown-rice-flour,D,45.0,15.0,223965,0.0,1
20260804T224937Z_brown-rice-flour,brown-rice-flour,D,45.0,15.0,224252,0.0,1
20260804T224937Z_brown-rice-flour,brown-rice-flour,D,45.0,15.0,224540,0.0,1
20260804T224937Z_brown-rice-flour,brown-rice-flour,D,45.0,15.0,224825,0.0,1
20260804T224937Z_brown-rice-flour,brown-rice-flour,D,45.0,15.0,225113,0.0,1
20260804T224937Z_brown-rice-flour,brown-rice-flour,D,45.0,15.0,225400,0.0,1
20260804T224937Z_brown-rice-flour,brown-rice-flour,D,45.0,15.0,225686,0.0,1
20260804T224937Z_brown-rice-flour,brown-rice-flour,D,45.0,15.0,225973,0.0,1
20260804T224937Z_brown-rice-flour,brown-rice-flour,D,45.0,15.0,226261,0.0,1
20260804T224937Z_brown-rice-flour,brown-rice-flour,D,45.0,15.0,226546,0.0,1
20260804T224937Z_brown-rice-flour,brown-rice-flour,D,45.0,15.0,226834,0.0,1
20260804T224937Z_brown-rice-flour,brown-rice-flour,D,45.0,15.0,227121,0.0,1
20260804T224937Z_brown-rice-flour,brown-rice-flour,D,45.0,15.0,227407,0.0,1
20260804T224937Z_brown-rice-flour,brown-rice-flour,D,45.0,15.0,227695,0.0,1
20260804T224937Z_brown-rice-flour,brown-rice-flour,D,45.0,15.0,227982,0.0,1
20260804T224937Z_brown-rice-flour,brown-rice-flour,D,45.0,15.0,228268,0.0,1
20260804T224937Z_brown-rice-flour,brown-rice-flour,D,45.0,15.0,228555,0.0,1
20260804T224937Z_brown-rice-flour,brown-rice-flour,D,45.0,15.0,228843,0.0,1
20260804T224937Z_brown-rice-flour,brown-rice-flour,D,45.0,15.0,229130,0.0,1
20260804T224937Z_brown-rice-flour,brown-rice-flour,D,45.0,15.0,229416,0.0,1
20260804T224937Z_brown-rice-flour,brown-rice-flour,D,45.0,15.0,229703,0.0,1
20260804T224937Z_brown-rice-flour,brown-rice-flour,D,45.0,15.0,229991,0.0,1
20260804T224937Z_brown-rice-flour,brown-rice-flour,D,45.0,15.0,230276,0.0,1
20260804T224937Z_brown-rice-flour,brown-rice-flour,D,45.0,15.0,230564,0.0,1
20260804T224937Z_brown-rice-flour,brown-rice-flour,D,45.0,15.0,230851,0.0,1
20260804T224937Z_brown-rice-flour,brown-rice-flour,D,45.0,15.0,231137,0.0,1
20260804T224937Z_brown-rice-flour,brown-rice-flour,D,45.0,15.0,231424,0.0,1
20260804T224937Z_brown-rice-flour,brown-rice-flour,D,45.0,15.0,231712,0.0,1
20260804T224937Z_brown-rice-flour,brown-rice-flour,D,45.0,15.0,231998,0.0,1
20260804T224937Z_brown-rice-flour,brown-rice-flour,D,45.0,15.0,232285,0.0,1
20260804T224937Z_brown-rice-flour,brown-rice-flour,D,45.0,15.0,232573,0.0,1
20260804T224937Z_brown-rice-flour,brown-rice-flour,D,45.0,15.0,232858,0.0,1
20260804T224937Z_brown-rice-flour,brown-rice-flour,D,45.0,15.0,233146,0.0,1
20260804T224937Z_brown-rice-flour,brown-rice-flour,D,45.0,15.0,233433,0.0,1
20260804T224937Z_brown-rice-flour,brown-rice-flour,D,45.0,15.0,233719,0.0,1
20260804T224937Z_brown-rice-flour,brown-rice-flour,D,45.0,15.0,234006,0.0,1
20260804T224937Z_brown-rice-flour,brown-rice-flour,D,45.0,15.0,234294,0.0,1
20260804T224937Z_brown-rice-flour,brown-rice-flour,D,45.0,15.0,234579,0.0,1
20260804T224937Z_brown-rice-flour,brown-rice-flour,D,45.0,45.0,237173,0.0,1
20260804T224937Z_brown-rice-flour,brown-rice-flour,D,45.0,45.0,237545,0.0,1
20260804T224937Z_brown-rice-flour,brown-rice-flour,D,45.0,45.0,237832,0.0,1
20260804T224937Z_brown-rice-flour,brown-rice-flour,D,45.0,45.0,238118,0.0,1
20260804T224937Z_brown-rice-flour,brown-rice-flour,D,45.0,45.0,238405,0.0,1
20260804T224937Z_brown-rice-flour,brown-rice-flour,D,45.0,45.0,238693,0.0,1
20260804T224937Z_brown-rice-flour,brown-rice-flour,D,45.0,45.0,238978,0.0,1
20260804T224937Z_brown-rice-flour,brown-rice-flour,D,45.0,45.0,239266,0.0,1
20260804T224937Z_brown-rice-flour,brown-rice-flour,D,45.0,45.0,239553,0.0,1
20260804T224937Z_brown-rice-flour,brown-rice-flour,D,45.0,45.0,239839,0.0,1
20260804T224937Z_brown-rice-flour,brown-rice-flour,D,45.0,45.0,240126,0.0,1
20260804T224937Z_brown-rice-flour,brown-rice-flour,D,45.0,45.0,240414,0.0,1
20260804T224937Z_brown-rice-flour,brown-rice-flour,D,45.0,45.0,240702,0.0,1
20260804T224937Z_brown-rice-flour,brown-rice-flour,D,45.0,45.0,240987,0.0,1
20260804T224937Z_brown-rice-flour,brown-rice-flour,D,45.0,45.0,241275,0.0,1
20260804T224937Z_brown-rice-flour,brown-rice-flour,D,45.0,45.0,241562,0.0,1
20260804T224937Z_brown-rice-flour,brown-rice-flour,D,45.0,90.0,244048,0.0,1
20260804T224937Z_brown-rice-flour,brown-rice-flour,D,45.0,90.0,244334,0.0,1
20260804T224937Z_brown-rice-flour,brown-rice-flour,D,45.0,90.0,244621,0.0,1
20260804T224937Z_brown-rice-flour,brown-rice-flour,D,45.0,90.0,244909,0.0,1
20260804T224937Z_brown-rice-flour,brown-rice-flour,D,45.0,90.0,245194,0.0,1
20260804T224937Z_brown-rice-flour,brown-rice-flour,D,45.0,90.0,245482,0.0,1
20260804T224937Z_brown-rice-flour,brown-rice-flour,D,45.0,90.0,245770,0.0,1
20260804T224937Z_brown-rice-flour,brown-rice-flour,D,45.0,90.0,246057,0.0,1
20260805T145725Z_sodium-alginate,sodium-alginate,D,45.0,15.0,221187,0.0,1
20260805T145725Z_sodium-alginate,sodium-alginate,D,45.0,15.0,221475,0.0,1
20260805T145725Z_sodium-alginate,sodium-alginate,D,45.0,15.0,221762,0.0,1
20260805T145725Z_sodium-alginate,sodium-alginate,D,45.0,15.0,222048,0.0,1
20260805T145725Z_sodium-alginate,sodium-alginate,D,45.0,15.0,222335,0.0,1
20260805T145725Z_sodium-alginate,sodium-alginate,D,45.0,15.0,222623,0.0,1
20260805T145725Z_sodium-alginate,sodium-alginate,D,45.0,15.0,222908,0.0005,0
20260805T145725Z_sodium-alginate,sodium-alginate,D,45.0,15.0,223195,0.0007,0
20260805T145725Z_sodium-alginate,sodium-alginate,D,45.0,15.0,223483,0.001,0
20260805T145725Z_sodium-alginate,sodium-alginate,D,45.0,15.0,223768,0.0014,0
20260805T145725Z_sodium-alginate,sodium-alginate,D,45.0,15.0,224056,0.0019,0
20260805T145725Z_sodium-alginate,sodium-alginate,D,45.0,15.0,224343,0.0027,0
20260805T145725Z_sodium-alginate,sodium-alginate,D,45.0,15.0,224629,0.0034,0
20260805T145725Z_sodium-alginate,sodium-alginate,D,45.0,15.0,224917,0.0043,0
20260805T145725Z_sodium-alginate,sodium-alginate,D,45.0,15.0,225204,0.0051,0
20260805T145725Z_sodium-alginate,sodium-alginate,D,45.0,15.0,225490,0.0061,0
20260805T145725Z_sodium-alginate,sodium-alginate,D,45.0,15.0,225777,0.007,0
20260805T145725Z_sodium-alginate,sodium-alginate,D,45.0,15.0,226064,0.0077,0
20260805T145725Z_sodium-alginate,sodium-alginate,D,45.0,15.0,226352,0.0083,0
20260805T145725Z_sodium-alginate,sodium-alginate,D,45.0,15.0,226638,0.009,0
20260805T145725Z_sodium-alginate,sodium-alginate,D,45.0,15.0,226925,0.0095,0
20260805T145725Z_sodium-alginate,sodium-alginate,D,45.0,15.0,227213,0.01,0
20260805T145725Z_sodium-alginate,sodium-alginate,D,45.0,15.0,227498,0.0104,0
20260805T145725Z_sodium-alginate,sodium-alginate,D,45.0,15.0,227786,0.0109,0
20260805T145725Z_sodium-alginate,sodium-alginate,D,45.0,15.0,228073,0.015,0
20260805T145725Z_sodium-alginate,sodium-alginate,D,45.0,15.0,228359,0.015,0
20260805T145725Z_sodium-alginate,sodium-alginate,D,45.0,15.0,228647,0.0151,1
20260805T145725Z_sodium-alginate,sodium-alginate,D,45.0,15.0,228934,0.0155,0
20260805T145725Z_sodium-alginate,sodium-alginate,D,45.0,15.0,229219,0.016,0
20260805T145725Z_sodium-alginate,sodium-alginate,D,45.0,15.0,229508,0.0164,0
20260805T145725Z_sodium-alginate,sodium-alginate,D,45.0,15.0,229795,0.0168,0
20260805T145725Z_sodium-alginate,sodium-alginate,D,45.0,15.0,230080,0.0172,0
20260805T145725Z_sodium-alginate,sodium-alginate,D,45.0,15.0,230368,0.0178,0
20260805T145725Z_sodium-alginate,sodium-alginate,D,45.0,15.0,230656,0.0184,0
20260805T145725Z_sodium-alginate,sodium-alginate,D,45.0,15.0,230941,0.019,0
20260805T145725Z_sodium-alginate,sodium-alginate,D,45.0,15.0,231228,0.0194,0
20260805T145725Z_sodium-alginate,sodium-alginate,D,45.0,15.0,231612,0.0201,0
20260805T145725Z_sodium-alginate,sodium-alginate,D,45.0,15.0,231897,0.0249,0
20260805T145725Z_sodium-alginate,sodium-alginate,D,45.0,15.0,232184,0.0256,0
20260805T145725Z_sodium-alginate,sodium-alginate,D,45.0,15.0,232472,0.0256,1
20260805T145725Z_sodium-alginate,sodium-alginate,D,45.0,15.0,232758,0.0259,0
20260805T145725Z_sodium-alginate,sodium-alginate,D,45.0,15.0,233045,0.0262,0
20260805T145725Z_sodium-alginate,sodium-alginate,D,45.0,15.0,233333,0.0266,0
20260805T145725Z_sodium-alginate,sodium-alginate,D,45.0,15.0,233618,0.0269,0
20260805T145725Z_sodium-alginate,sodium-alginate,D,45.0,15.0,233906,0.0272,0
20260805T145725Z_sodium-alginate,sodium-alginate,D,45.0,15.0,234193,0.0276,0
20260805T145725Z_sodium-alginate,sodium-alginate,D,45.0,15.0,234479,0.0282,0
20260805T145725Z_sodium-alginate,sodium-alginate,D,45.0,15.0,234766,0.0287,0
20260805T145725Z_sodium-alginate,sodium-alginate,D,45.0,45.0,238019,0.0333,1
20260805T145725Z_sodium-alginate,sodium-alginate,D,45.0,45.0,238306,0.0333,1
20260805T145725Z_sodium-alginate,sodium-alginate,D,45.0,45.0,238594,0.0334,1
20260805T145725Z_sodium-alginate,sodium-alginate,D,45.0,45.0,238877,0.0369,0
20260805T145725Z_sodium-alginate,sodium-alginate,D,45.0,45.0,239165,0.0376,0
20260805T145725Z_sodium-alginate,sodium-alginate,D,45.0,45.0,239453,0.0381,0
20260805T145725Z_sodium-alginate,sodium-alginate,D,45.0,45.0,239739,0.0415,0
20260805T145725Z_sodium-alginate,sodium-alginate,D,45.0,45.0,240026,0.0451,0
20260805T145725Z_sodium-alginate,sodium-alginate,D,45.0,45.0,240313,0.0478,0
20260805T145725Z_sodium-alginate,sodium-alginate,D,45.0,45.0,240599,0.0488,0
20260805T145725Z_sodium-alginate,sodium-alginate,D,45.0,45.0,240886,0.0496,0
20260805T145725Z_sodium-alginate,sodium-alginate,D,45.0,45.0,241174,0.0504,0
20260805T145725Z_sodium-alginate,sodium-alginate,D,45.0,45.0,241461,0.0555,0
20260805T145725Z_sodium-alginate,sodium-alginate,D,45.0,45.0,241747,0.0571,0
20260805T145725Z_sodium-alginate,sodium-alginate,D,45.0,45.0,242035,0.0584,0
20260805T145725Z_sodium-alginate,sodium-alginate,D,45.0,45.0,242322,0.0593,0
20260805T145725Z_sodium-alginate,sodium-alginate,D,45.0,90.0,244808,0.068,1
20260805T145725Z_sodium-alginate,sodium-alginate,D,45.0,90.0,245094,0.068,1
20260805T145725Z_sodium-alginate,sodium-alginate,D,45.0,90.0,245381,0.068,1
20260805T145725Z_sodium-alginate,sodium-alginate,D,45.0,90.0,245669,0.0681,1
20260805T145725Z_sodium-alginate,sodium-alginate,D,45.0,90.0,245954,0.0756,0
20260805T145725Z_sodium-alginate,sodium-alginate,D,45.0,90.0,246242,0.0815,0
20260805T145725Z_sodium-alginate,sodium-alginate,D,45.0,90.0,246529,0.0863,0
20260805T145725Z_sodium-alginate,sodium-alginate,D,45.0,90.0,246815,0.0922,0
20260805T185305Z_brown-rice-flour,brown-rice-flour,D,45.0,15.0,221144,0.0,1
20260805T185305Z_brown-rice-flour,brown-rice-flour,D,45.0,15.0,221513,0.0,1
20260805T185305Z_brown-rice-flour,brown-rice-flour,D,45.0,15.0,221801,0.0,1
20260805T185305Z_brown-rice-flour,brown-rice-flour,D,45.0,15.0,222088,0.0,1
20260805T185305Z_brown-rice-flour,brown-rice-flour,D,45.0,15.0,222374,0.0,1
20260805T185305Z_brown-rice-flour,brown-rice-flour,D,45.0,15.0,222662,0.0,1
20260805T185305Z_brown-rice-flour,brown-rice-flour,D,45.0,15.0,222949,0.0,1
20260805T185305Z_brown-rice-flour,brown-rice-flour,D,45.0,15.0,223234,0.0,1
20260805T185305Z_brown-rice-flour,brown-rice-flour,D,45.0,15.0,223522,0.0,1
20260805T185305Z_brown-rice-flour,brown-rice-flour,D,45.0,15.0,223810,0.0,1
20260805T185305Z_brown-rice-flour,brown-rice-flour,D,45.0,15.0,224095,0.0,1
20260805T185305Z_brown-rice-flour,brown-rice-flour,D,45.0,15.0,224479,0.0,1
20260805T185305Z_brown-rice-flour,brown-rice-flour,D,45.0,15.0,224766,0.0,1
20260805T185305Z_brown-rice-flour,brown-rice-flour,D,45.0,15.0,225051,0.0,1
20260805T185305Z_brown-rice-flour,brown-rice-flour,D,45.0,15.0,225339,0.0,1
20260805T185305Z_brown-rice-flour,brown-rice-flour,D,45.0,15.0,225627,0.0,1
20260805T185305Z_brown-rice-flour,brown-rice-flour,D,45.0,15.0,225912,0.0,1
20260805T185305Z_brown-rice-flour,brown-rice-flour,D,45.0,15.0,226200,0.0,1
20260805T185305Z_brown-rice-flour,brown-rice-flour,D,45.0,15.0,226487,0.0,1
20260805T185305Z_brown-rice-flour,brown-rice-flour,D,45.0,15.0,226773,0.0,1
20260805T185305Z_brown-rice-flour,brown-rice-flour,D,45.0,15.0,227060,0.0,1
20260805T185305Z_brown-rice-flour,brown-rice-flour,D,45.0,15.0,227348,0.0,1
20260805T185305Z_brown-rice-flour,brown-rice-flour,D,45.0,15.0,227633,0.0,1
20260805T185305Z_brown-rice-flour,brown-rice-flour,D,45.0,15.0,227921,0.0,1
20260805T185305Z_brown-rice-flour,brown-rice-flour,D,45.0,15.0,228208,0.0,1
20260805T185305Z_brown-rice-flour,brown-rice-flour,D,45.0,15.0,228494,0.0,1
20260805T185305Z_brown-rice-flour,brown-rice-flour,D,45.0,15.0,228782,0.0,1
20260805T185305Z_brown-rice-flour,brown-rice-flour,D,45.0,15.0,229069,0.0,1
20260805T185305Z_brown-rice-flour,brown-rice-flour,D,45.0,15.0,229357,0.0,1
20260805T185305Z_brown-rice-flour,brown-rice-flour,D,45.0,15.0,229642,0.0,1
20260805T185305Z_brown-rice-flour,brown-rice-flour,D,45.0,15.0,229930,0.0,1
20260805T185305Z_brown-rice-flour,brown-rice-flour,D,45.0,15.0,230217,0.0,1
20260805T185305Z_brown-rice-flour,brown-rice-flour,D,45.0,15.0,230503,0.0,1
20260805T185305Z_brown-rice-flour,brown-rice-flour,D,45.0,15.0,230790,0.0,1
20260805T185305Z_brown-rice-flour,brown-rice-flour,D,45.0,15.0,231078,0.0,1
20260805T185305Z_brown-rice-flour,brown-rice-flour,D,45.0,15.0,231363,0.0,1
20260805T185305Z_brown-rice-flour,brown-rice-flour,D,45.0,15.0,231651,0.0,1
20260805T185305Z_brown-rice-flour,brown-rice-flour,D,45.0,15.0,231938,0.0,1
20260805T185305Z_brown-rice-flour,brown-rice-flour,D,45.0,15.0,232224,0.0,1
20260805T185305Z_brown-rice-flour,brown-rice-flour,D,45.0,15.0,232511,0.0,1
20260805T185305Z_brown-rice-flour,brown-rice-flour,D,45.0,15.0,232799,0.0,1
20260805T185305Z_brown-rice-flour,brown-rice-flour,D,45.0,15.0,233084,0.0,1
20260805T185305Z_brown-rice-flour,brown-rice-flour,D,45.0,15.0,233372,0.0,1
20260805T185305Z_brown-rice-flour,brown-rice-flour,D,45.0,15.0,233660,0.0,1
20260805T185305Z_brown-rice-flour,brown-rice-flour,D,45.0,15.0,233945,0.0,1
20260805T185305Z_brown-rice-flour,brown-rice-flour,D,45.0,15.0,234233,0.0,1
20260805T185305Z_brown-rice-flour,brown-rice-flour,D,45.0,15.0,234520,0.0,1
20260805T185305Z_brown-rice-flour,brown-rice-flour,D,45.0,15.0,234806,0.0,1
20260805T185305Z_brown-rice-flour,brown-rice-flour,D,45.0,45.0,237399,0.0,1
20260805T185305Z_brown-rice-flour,brown-rice-flour,D,45.0,45.0,237771,0.0,1
20260805T185305Z_brown-rice-flour,brown-rice-flour,D,45.0,45.0,238058,0.0,1
20260805T185305Z_brown-rice-flour,brown-rice-flour,D,45.0,45.0,238344,0.0,1
20260805T185305Z_brown-rice-flour,brown-rice-flour,D,45.0,45.0,238632,0.0,1
20260805T185305Z_brown-rice-flour,brown-rice-flour,D,45.0,45.0,238919,0.0,1
20260805T185305Z_brown-rice-flour,brown-rice-flour,D,45.0,45.0,239205,0.0,1
20260805T185305Z_brown-rice-flour,brown-rice-flour,D,45.0,45.0,239492,0.0,1
20260805T185305Z_brown-rice-flour,brown-rice-flour,D,45.0,45.0,239780,0.0,1
20260805T185305Z_brown-rice-flour,brown-rice-flour,D,45.0,45.0,240065,0.0,1
20260805T185305Z_brown-rice-flour,brown-rice-flour,D,45.0,45.0,240353,0.0,1
20260805T185305Z_brown-rice-flour,brown-rice-flour,D,45.0,45.0,240640,0.0,1
20260805T185305Z_brown-rice-flour,brown-rice-flour,D,45.0,45.0,240926,0.0,1
20260805T185305Z_brown-rice-flour,brown-rice-flour,D,45.0,45.0,241214,0.0,1
20260805T185305Z_brown-rice-flour,brown-rice-flour,D,45.0,45.0,241501,0.0,1
20260805T185305Z_brown-rice-flour,brown-rice-flour,D,45.0,45.0,241789,0.0,1
20260805T185305Z_brown-rice-flour,brown-rice-flour,D,45.0,90.0,244382,0.0001,1
20260805T185305Z_brown-rice-flour,brown-rice-flour,D,45.0,90.0,244752,0.0,1
20260805T185305Z_brown-rice-flour,brown-rice-flour,D,45.0,90.0,245039,0.0,1
20260805T185305Z_brown-rice-flour,brown-rice-flour,D,45.0,90.0,245327,0.0001,1
20260805T185305Z_brown-rice-flour,brown-rice-flour,D,45.0,90.0,245613,0.0,1
20260805T185305Z_brown-rice-flour,brown-rice-flour,D,45.0,90.0,245900,0.0,1
20260805T185305Z_brown-rice-flour,brown-rice-flour,D,45.0,90.0,246187,0.0001,1
20260805T185305Z_brown-rice-flour,brown-rice-flour,D,45.0,90.0,246472,0.0007,0
20260805T200002Z_calcium-lactate,calcium-lactate,D,45.0,15.0,222551,0.0,1
20260805T200002Z_calcium-lactate,calcium-lactate,D,45.0,15.0,222923,0.0,1
20260805T200002Z_calcium-lactate,calcium-lactate,D,45.0,15.0,223209,0.0,1
20260805T200002Z_calcium-lactate,calcium-lactate,D,45.0,15.0,223496,0.0,1
20260805T200002Z_calcium-lactate,calcium-lactate,D,45.0,15.0,223783,0.006,0
20260805T200002Z_calcium-lactate,calcium-lactate,D,45.0,15.0,224069,0.0111,0
20260805T200002Z_calcium-lactate,calcium-lactate,D,45.0,15.0,224357,0.0239,0
20260805T200002Z_calcium-lactate,calcium-lactate,D,45.0,15.0,224643,0.0374,0
20260805T200002Z_calcium-lactate,calcium-lactate,D,45.0,15.0,224929,0.0452,0
20260805T200002Z_calcium-lactate,calcium-lactate,D,45.0,15.0,225216,0.0493,0
20260805T200002Z_calcium-lactate,calcium-lactate,D,45.0,15.0,225505,0.0522,0
20260805T200002Z_calcium-lactate,calcium-lactate,D,45.0,15.0,225789,0.053,0
20260805T200002Z_calcium-lactate,calcium-lactate,D,45.0,15.0,226077,0.053,0
20260805T200002Z_calcium-lactate,calcium-lactate,D,45.0,15.0,226365,0.0533,0
20260805T200002Z_calcium-lactate,calcium-lactate,D,45.0,15.0,226650,0.0624,0
20260805T200002Z_calcium-lactate,calcium-lactate,D,45.0,15.0,226937,0.082,0
20260805T200002Z_calcium-lactate,calcium-lactate,D,45.0,15.0,227225,0.1092,0
20260805T200002Z_calcium-lactate,calcium-lactate,D,45.0,15.0,227511,0.1433,0
20260805T200002Z_calcium-lactate,calcium-lactate,D,45.0,15.0,227798,0.1706,0
20260805T200002Z_calcium-lactate,calcium-lactate,D,45.0,15.0,228086,0.1868,0
20260805T200002Z_calcium-lactate,calcium-lactate,D,45.0,15.0,228372,0.2023,0
20260805T200002Z_calcium-lactate,calcium-lactate,D,45.0,15.0,228660,0.2133,0
20260805T200002Z_calcium-lactate,calcium-lactate,D,45.0,15.0,228947,0.2195,0
20260805T200002Z_calcium-lactate,calcium-lactate,D,45.0,15.0,229233,0.2226,0
20260805T200002Z_calcium-lactate,calcium-lactate,D,45.0,15.0,229520,0.2239,0
20260805T200002Z_calcium-lactate,calcium-lactate,D,45.0,15.0,229808,0.2241,0
20260805T200002Z_calcium-lactate,calcium-lactate,D,45.0,15.0,230102,0.2244,0
20260805T200002Z_calcium-lactate,calcium-lactate,D,45.0,15.0,230383,0.2305,0
20260805T200002Z_calcium-lactate,calcium-lactate,D,45.0,15.0,230669,0.2428,0
20260805T200002Z_calcium-lactate,calcium-lactate,D,45.0,15.0,230954,0.2641,0
20260805T200002Z_calcium-lactate,calcium-lactate,D,45.0,15.0,231240,0.2934,0
20260805T200002Z_calcium-lactate,calcium-lactate,D,45.0,15.0,231528,0.3269,0
20260805T200002Z_calcium-lactate,calcium-lactate,D,45.0,15.0,231816,0.3504,0
20260805T200002Z_calcium-lactate,calcium-lactate,D,45.0,15.0,232102,0.3652,0
20260805T200002Z_calcium-lactate,calcium-lactate,D,45.0,15.0,232389,0.3792,0
20260805T200002Z_calcium-lactate,calcium-lactate,D,45.0,15.0,232676,0.3904,0
20260805T200002Z_calcium-lactate,calcium-lactate,D,45.0,15.0,232962,0.3968,0
20260805T200002Z_calcium-lactate,calcium-lactate,D,45.0,15.0,233249,0.3999,0
20260805T200002Z_calcium-lactate,calcium-lactate,D,45.0,15.0,233537,0.4013,0
20260805T200002Z_calcium-lactate,calcium-lactate,D,45.0,15.0,233822,0.4017,0
20260805T200002Z_calcium-lactate,calcium-lactate,D,45.0,15.0,234110,0.4019,0
20260805T200002Z_calcium-lactate,calcium-lactate,D,45.0,15.0,234398,0.4069,0
20260805T200002Z_calcium-lactate,calcium-lactate,D,45.0,15.0,234683,0.42,0
20260805T200002Z_calcium-lactate,calcium-lactate,D,45.0,15.0,234971,0.442,0
20260805T200002Z_calcium-lactate,calcium-lactate,D,45.0,15.0,235259,0.4723,0
20260805T200002Z_calcium-lactate,calcium-lactate,D,45.0,15.0,235544,0.5047,0
20260805T200002Z_calcium-lactate,calcium-lactate,D,45.0,15.0,235831,0.5263,0
20260805T200002Z_calcium-lactate,calcium-lactate,D,45.0,15.0,236119,0.5412,0
20260805T200002Z_calcium-lactate,calcium-lactate,D,45.0,45.0,238605,0.5713,1
20260805T200002Z_calcium-lactate,calcium-lactate,D,45.0,45.0,238893,0.5713,1
20260805T200002Z_calcium-lactate,calcium-lactate,D,45.0,45.0,239178,0.5713,1
20260805T200002Z_calcium-lactate,calcium-lactate,D,45.0,45.0,239465,0.5752,0
20260805T200002Z_calcium-lactate,calcium-lactate,D,45.0,45.0,239753,0.5825,0
20260805T200002Z_calcium-lactate,calcium-lactate,D,45.0,45.0,240038,0.6129,0
20260805T200002Z_calcium-lactate,calcium-lactate,D,45.0,45.0,240326,0.664,0
20260805T200002Z_calcium-lactate,calcium-lactate,D,45.0,45.0,240613,0.6951,0
20260805T200002Z_calcium-lactate,calcium-lactate,D,45.0,45.0,240899,0.7024,0
20260805T200002Z_calcium-lactate,calcium-lactate,D,45.0,45.0,241187,0.7132,0
20260805T200002Z_calcium-lactate,calcium-lactate,D,45.0,45.0,241474,0.7591,0
20260805T200002Z_calcium-lactate,calcium-lactate,D,45.0,45.0,241760,0.8077,0
20260805T200002Z_calcium-lactate,calcium-lactate,D,45.0,45.0,242047,0.8279,0
20260805T200002Z_calcium-lactate,calcium-lactate,D,45.0,45.0,242336,0.8323,0
20260805T200002Z_calcium-lactate,calcium-lactate,D,45.0,45.0,242620,0.8563,0
20260805T200002Z_calcium-lactate,calcium-lactate,D,45.0,45.0,242909,0.9113,0
20260805T200002Z_calcium-lactate,calcium-lactate,D,45.0,90.0,247690,1.0217,1
20260805T200002Z_calcium-lactate,calcium-lactate,D,45.0,90.0,247977,1.0217,1
20260805T200002Z_calcium-lactate,calcium-lactate,D,45.0,90.0,248265,1.022,0
20260805T200002Z_calcium-lactate,calcium-lactate,D,45.0,90.0,248551,1.0534,0
20260805T200002Z_calcium-lactate,calcium-lactate,D,45.0,90.0,248837,1.1109,0
20260805T200002Z_calcium-lactate,calcium-lactate,D,45.0,90.0,249124,1.1407,0
20260805T200002Z_calcium-lactate,calcium-lactate,D,45.0,90.0,249412,1.1961,0
20260805T200002Z_calcium-lactate,calcium-lactate,D,45.0,90.0,249697,1.2404,0
20260805T215252Z_carboxymethyl-cellulose,carboxymethyl-cellulose,D,45.0,15.0,221101,0.0,1
20260805T215252Z_carboxymethyl-cellulose,carboxymethyl-cellulose,D,45.0,15.0,221386,0.0,1
20260805T215252Z_carboxymethyl-cellulose,carboxymethyl-cellulose,D,45.0,15.0,221673,0.0,1
20260805T215252Z_carboxymethyl-cellulose,carboxymethyl-cellulose,D,45.0,15.0,221959,0.0,1
20260805T215252Z_carboxymethyl-cellulose,carboxymethyl-cellulose,D,45.0,15.0,222247,0.0,1
20260805T215252Z_carboxymethyl-cellulose,carboxymethyl-cellulose,D,45.0,15.0,222534,0.0,1
20260805T215252Z_carboxymethyl-cellulose,carboxymethyl-cellulose,D,45.0,15.0,222828,0.0,1
20260805T215252Z_carboxymethyl-cellulose,carboxymethyl-cellulose,D,45.0,15.0,223214,0.0006,0
20260805T215252Z_carboxymethyl-cellulose,carboxymethyl-cellulose,D,45.0,15.0,223584,0.0008,0
20260805T215252Z_carboxymethyl-cellulose,carboxymethyl-cellulose,D,45.0,15.0,223871,0.001,0
20260805T215252Z_carboxymethyl-cellulose,carboxymethyl-cellulose,D,45.0,15.0,224159,0.0011,0
20260805T215252Z_carboxymethyl-cellulose,carboxymethyl-cellulose,D,45.0,15.0,224444,0.0013,0
20260805T215252Z_carboxymethyl-cellulose,carboxymethyl-cellulose,D,45.0,15.0,224732,0.0016,0
20260805T215252Z_carboxymethyl-cellulose,carboxymethyl-cellulose,D,45.0,15.0,225019,0.0018,0
20260805T215252Z_carboxymethyl-cellulose,carboxymethyl-cellulose,D,45.0,15.0,225305,0.0021,0
20260805T215252Z_carboxymethyl-cellulose,carboxymethyl-cellulose,D,45.0,15.0,225592,0.0025,0
20260805T215252Z_carboxymethyl-cellulose,carboxymethyl-cellulose,D,45.0,15.0,225880,0.0028,0
20260805T215252Z_carboxymethyl-cellulose,carboxymethyl-cellulose,D,45.0,15.0,226165,0.0031,0
20260805T215252Z_carboxymethyl-cellulose,carboxymethyl-cellulose,D,45.0,15.0,226453,0.0034,0
20260805T215252Z_carboxymethyl-cellulose,carboxymethyl-cellulose,D,45.0,15.0,226741,0.0038,0
20260805T215252Z_carboxymethyl-cellulose,carboxymethyl-cellulose,D,45.0,15.0,227027,0.0096,0
20260805T215252Z_carboxymethyl-cellulose,carboxymethyl-cellulose,D,45.0,15.0,227313,0.0168,0
20260805T215252Z_carboxymethyl-cellulose,carboxymethyl-cellulose,D,45.0,15.0,227601,0.0226,0
20260805T215252Z_carboxymethyl-cellulose,carboxymethyl-cellulose,D,45.0,15.0,227888,0.0253,0
20260805T215252Z_carboxymethyl-cellulose,carboxymethyl-cellulose,D,45.0,15.0,228174,0.0265,0
20260805T215252Z_carboxymethyl-cellulose,carboxymethyl-cellulose,D,45.0,15.0,228461,0.0276,0
20260805T215252Z_carboxymethyl-cellulose,carboxymethyl-cellulose,D,45.0,15.0,228749,0.0285,0
20260805T215252Z_carboxymethyl-cellulose,carboxymethyl-cellulose,D,45.0,15.0,229034,0.0292,0
20260805T215252Z_carboxymethyl-cellulose,carboxymethyl-cellulose,D,45.0,15.0,229322,0.0296,0
20260805T215252Z_carboxymethyl-cellulose,carboxymethyl-cellulose,D,45.0,15.0,229610,0.0299,0
20260805T215252Z_carboxymethyl-cellulose,carboxymethyl-cellulose,D,45.0,15.0,229895,0.0302,0
20260805T215252Z_carboxymethyl-cellulose,carboxymethyl-cellulose,D,45.0,15.0,230183,0.0306,0
20260805T215252Z_carboxymethyl-cellulose,carboxymethyl-cellulose,D,45.0,15.0,230470,0.0314,0
20260805T215252Z_carboxymethyl-cellulose,carboxymethyl-cellulose,D,45.0,15.0,230756,0.036,0
20260805T215252Z_carboxymethyl-cellulose,carboxymethyl-cellulose,D,45.0,15.0,231043,0.0369,0
20260805T215252Z_carboxymethyl-cellulose,carboxymethyl-cellulose,D,45.0,15.0,231331,0.0416,0
20260805T215252Z_carboxymethyl-cellulose,carboxymethyl-cellulose,D,45.0,15.0,231616,0.0461,0
20260805T215252Z_carboxymethyl-cellulose,carboxymethyl-cellulose,D,45.0,15.0,231904,0.0498,0
20260805T215252Z_carboxymethyl-cellulose,carboxymethyl-cellulose,D,45.0,15.0,232191,0.0531,0
20260805T215252Z_carboxymethyl-cellulose,carboxymethyl-cellulose,D,45.0,15.0,232477,0.055,0
20260805T215252Z_carboxymethyl-cellulose,carboxymethyl-cellulose,D,45.0,15.0,232764,0.0558,0
20260805T215252Z_carboxymethyl-cellulose,carboxymethyl-cellulose,D,45.0,15.0,233052,0.0561,0
20260805T215252Z_carboxymethyl-cellulose,carboxymethyl-cellulose,D,45.0,15.0,233337,0.0564,0
20260805T215252Z_carboxymethyl-cellulose,carboxymethyl-cellulose,D,45.0,15.0,233625,0.0566,0
20260805T215252Z_carboxymethyl-cellulose,carboxymethyl-cellulose,D,45.0,15.0,233913,0.0568,0
20260805T215252Z_carboxymethyl-cellulose,carboxymethyl-cellulose,D,45.0,15.0,234198,0.0571,0
20260805T215252Z_carboxymethyl-cellulose,carboxymethyl-cellulose,D,45.0,15.0,234486,0.0574,0
20260805T215252Z_carboxymethyl-cellulose,carboxymethyl-cellulose,D,45.0,15.0,234773,0.058,0
20260805T215252Z_carboxymethyl-cellulose,carboxymethyl-cellulose,D,45.0,45.0,237260,0.0702,1
20260805T215252Z_carboxymethyl-cellulose,carboxymethyl-cellulose,D,45.0,45.0,237547,0.0702,1
20260805T215252Z_carboxymethyl-cellulose,carboxymethyl-cellulose,D,45.0,45.0,237832,0.0702,1
20260805T215252Z_carboxymethyl-cellulose,carboxymethyl-cellulose,D,45.0,45.0,238120,0.075,0
20260805T215252Z_carboxymethyl-cellulose,carboxymethyl-cellulose,D,45.0,45.0,238407,0.0797,0
20260805T215252Z_carboxymethyl-cellulose,carboxymethyl-cellulose,D,45.0,45.0,238693,0.0812,0
20260805T215252Z_carboxymethyl-cellulose,carboxymethyl-cellulose,D,45.0,45.0,238980,0.0869,0
20260805T215252Z_carboxymethyl-cellulose,carboxymethyl-cellulose,D,45.0,45.0,239268,0.0985,0
20260805T215252Z_carboxymethyl-cellulose,carboxymethyl-cellulose,D,45.0,45.0,239553,0.1065,0
20260805T215252Z_carboxymethyl-cellulose,carboxymethyl-cellulose,D,45.0,45.0,239841,0.1077,0
20260805T215252Z_carboxymethyl-cellulose,carboxymethyl-cellulose,D,45.0,45.0,240129,0.1088,0
20260805T215252Z_carboxymethyl-cellulose,carboxymethyl-cellulose,D,45.0,45.0,240414,0.116,0
20260805T215252Z_carboxymethyl-cellulose,carboxymethyl-cellulose,D,45.0,45.0,240701,0.1262,0
20260805T215252Z_carboxymethyl-cellulose,carboxymethyl-cellulose,D,45.0,45.0,240989,0.132,0
20260805T215252Z_carboxymethyl-cellulose,carboxymethyl-cellulose,D,45.0,45.0,241275,0.1327,0
20260805T215252Z_carboxymethyl-cellulose,carboxymethyl-cellulose,D,45.0,45.0,241562,0.1381,0
20260805T215252Z_carboxymethyl-cellulose,carboxymethyl-cellulose,D,45.0,90.0,244144,0.1618,1
20260805T215252Z_carboxymethyl-cellulose,carboxymethyl-cellulose,D,45.0,90.0,244432,0.1618,1
20260805T215252Z_carboxymethyl-cellulose,carboxymethyl-cellulose,D,45.0,90.0,244719,0.1618,1
20260805T215252Z_carboxymethyl-cellulose,carboxymethyl-cellulose,D,45.0,90.0,245005,0.1668,0
20260805T215252Z_carboxymethyl-cellulose,carboxymethyl-cellulose,D,45.0,90.0,245292,0.1821,0
20260805T215252Z_carboxymethyl-cellulose,carboxymethyl-cellulose,D,45.0,90.0,245580,0.1919,0
20260805T215252Z_carboxymethyl-cellulose,carboxymethyl-cellulose,D,45.0,90.0,245865,0.2055,0
20260805T215252Z_carboxymethyl-cellulose,carboxymethyl-cellulose,D,45.0,90.0,246153,0.2188,0
20260806T140254Z_xanthan-gum,xanthan-gum,D,45.0,15.0,222342,0.0,1
20260806T140254Z_xanthan-gum,xanthan-gum,D,45.0,15.0,222630,0.0,1
20260806T140254Z_xanthan-gum,xanthan-gum,D,45.0,15.0,222916,0.0057,0
20260806T140254Z_xanthan-gum,xanthan-gum,D,45.0,15.0,223201,0.0234,0
20260806T140254Z_xanthan-gum,xanthan-gum,D,45.0,15.0,223489,0.0524,0
20260806T140254Z_xanthan-gum,xanthan-gum,D,45.0,15.0,223777,0.0874,0
20260806T140254Z_xanthan-gum,xanthan-gum,D,45.0,15.0,224063,0.1158,0
20260806T140254Z_xanthan-gum,xanthan-gum,D,45.0,15.0,224350,0.1377,0
20260806T140254Z_xanthan-gum,xanthan-gum,D,45.0,15.0,224637,0.1527,0
20260806T140254Z_xanthan-gum,xanthan-gum,D,45.0,15.0,224924,0.1691,0
20260806T140254Z_xanthan-gum,xanthan-gum,D,45.0,15.0,225210,0.1782,0
20260806T140254Z_xanthan-gum,xanthan-gum,D,45.0,15.0,225498,0.1845,0
20260806T140254Z_xanthan-gum,xanthan-gum,D,45.0,15.0,225783,0.1894,0
20260806T140254Z_xanthan-gum,xanthan-gum,D,45.0,15.0,226072,0.1921,0
20260806T140254Z_xanthan-gum,xanthan-gum,D,45.0,15.0,226358,0.1928,0
20260806T140254Z_xanthan-gum,xanthan-gum,D,45.0,15.0,226645,0.1929,0
20260806T140254Z_xanthan-gum,xanthan-gum,D,45.0,15.0,226931,0.1992,0
20260806T140254Z_xanthan-gum,xanthan-gum,D,45.0,15.0,227219,0.2165,0
20260806T140254Z_xanthan-gum,xanthan-gum,D,45.0,15.0,227508,0.2401,0
20260806T140254Z_xanthan-gum,xanthan-gum,D,45.0,15.0,227792,0.2674,0
20260806T140254Z_xanthan-gum,xanthan-gum,D,45.0,15.0,228080,0.2966,0
20260806T140254Z_xanthan-gum,xanthan-gum,D,45.0,15.0,228367,0.3209,0
20260806T140254Z_xanthan-gum,xanthan-gum,D,45.0,15.0,228654,0.3333,0
20260806T140254Z_xanthan-gum,xanthan-gum,D,45.0,15.0,228940,0.3476,0
20260806T140254Z_xanthan-gum,xanthan-gum,D,45.0,15.0,229228,0.3589,0
20260806T140254Z_xanthan-gum,xanthan-gum,D,45.0,15.0,229513,0.3662,0
20260806T140254Z_xanthan-gum,xanthan-gum,D,45.0,15.0,229801,0.3705,0
20260806T140254Z_xanthan-gum,xanthan-gum,D,45.0,15.0,230088,0.3734,0
20260806T140254Z_xanthan-gum,xanthan-gum,D,45.0,15.0,230388,0.3741,0
20260806T140254Z_xanthan-gum,xanthan-gum,D,45.0,15.0,230757,0.3744,0
20260806T140254Z_xanthan-gum,xanthan-gum,D,45.0,15.0,231046,0.3831,0
20260806T140254Z_xanthan-gum,xanthan-gum,D,45.0,15.0,231330,0.4055,0
20260806T140254Z_xanthan-gum,xanthan-gum,D,45.0,15.0,231619,0.4372,0
20260806T140254Z_xanthan-gum,xanthan-gum,D,45.0,15.0,231906,0.4663,0
20260806T140254Z_xanthan-gum,xanthan-gum,D,45.0,15.0,232191,0.4909,0
20260806T140254Z_xanthan-gum,xanthan-gum,D,45.0,15.0,232479,0.5072,0
20260806T140254Z_xanthan-gum,xanthan-gum,D,45.0,15.0,232767,0.522,0
20260806T140254Z_xanthan-gum,xanthan-gum,D,45.0,15.0,233052,0.535,0
20260806T140254Z_xanthan-gum,xanthan-gum,D,45.0,15.0,233339,0.544,0
20260806T140254Z_xanthan-gum,xanthan-gum,D,45.0,15.0,233627,0.5492,0
20260806T140254Z_xanthan-gum,xanthan-gum,D,45.0,15.0,233913,0.5521,0
20260806T140254Z_xanthan-gum,xanthan-gum,D,45.0,15.0,234200,0.5541,0
20260806T140254Z_xanthan-gum,xanthan-gum,D,45.0,15.0,234487,0.5543,0
20260806T140254Z_xanthan-gum,xanthan-gum,D,45.0,15.0,234773,0.5549,0
20260806T140254Z_xanthan-gum,xanthan-gum,D,45.0,15.0,235060,0.5647,0
20260806T140254Z_xanthan-gum,xanthan-gum,D,45.0,15.0,235348,0.5856,0
20260806T140254Z_xanthan-gum,xanthan-gum,D,45.0,15.0,235633,0.6148,0
20260806T140254Z_xanthan-gum,xanthan-gum,D,45.0,15.0,235921,0.6427,0
20260806T140254Z_xanthan-gum,xanthan-gum,D,45.0,45.0,238515,0.7,1
20260806T140254Z_xanthan-gum,xanthan-gum,D,45.0,45.0,238796,0.7,1
20260806T140254Z_xanthan-gum,xanthan-gum,D,45.0,45.0,239077,0.7004,0
20260806T140254Z_xanthan-gum,xanthan-gum,D,45.0,45.0,239364,0.7212,0
20260806T140254Z_xanthan-gum,xanthan-gum,D,45.0,45.0,239651,0.733,0
20260806T140254Z_xanthan-gum,xanthan-gum,D,45.0,45.0,239937,0.7483,0
20260806T140254Z_xanthan-gum,xanthan-gum,D,45.0,45.0,240224,0.7841,0
20260806T140254Z_xanthan-gum,xanthan-gum,D,45.0,45.0,240512,0.8252,0
20260806T140254Z_xanthan-gum,xanthan-gum,D,45.0,45.0,240799,0.845,0
20260806T140254Z_xanthan-gum,xanthan-gum,D,45.0,45.0,241085,0.8503,0
20260806T140254Z_xanthan-gum,xanthan-gum,D,45.0,45.0,241372,0.8691,0
20260806T140254Z_xanthan-gum,xanthan-gum,D,45.0,45.0,241661,0.9113,0
20260806T140254Z_xanthan-gum,xanthan-gum,D,45.0,45.0,241945,0.948,0
20260806T140254Z_xanthan-gum,xanthan-gum,D,45.0,45.0,242233,0.961,0
20260806T140254Z_xanthan-gum,xanthan-gum,D,45.0,45.0,242520,0.9693,0
20260806T140254Z_xanthan-gum,xanthan-gum,D,45.0,45.0,242807,1.0016,0
20260806T140254Z_xanthan-gum,xanthan-gum,D,45.0,90.0,245388,1.074,1
20260806T140254Z_xanthan-gum,xanthan-gum,D,45.0,90.0,245676,1.0741,1
20260806T140254Z_xanthan-gum,xanthan-gum,D,45.0,90.0,245963,1.0741,1
20260806T140254Z_xanthan-gum,xanthan-gum,D,45.0,90.0,246248,1.099,0
20260806T140254Z_xanthan-gum,xanthan-gum,D,45.0,90.0,246536,1.1686,0
20260806T140254Z_xanthan-gum,xanthan-gum,D,45.0,90.0,246823,1.199,0
20260806T140254Z_xanthan-gum,xanthan-gum,D,45.0,90.0,247109,1.24,0
20260806T140254Z_xanthan-gum,xanthan-gum,D,45.0,90.0,247398,1.2827,0
20260806T145120Z_salt,salt,D,45.0,15.0,221213,0.0,1
20260806T145120Z_salt,salt,D,45.0,15.0,221585,0.0,1
20260806T145120Z_salt,salt,D,45.0,15.0,221872,0.0,1
20260806T145120Z_salt,salt,D,45.0,15.0,222160,0.0,1
20260806T145120Z_salt,salt,D,45.0,15.0,222444,0.0005,0
20260806T145120Z_salt,salt,D,45.0,15.0,222731,0.0071,0
20260806T145120Z_salt,salt,D,45.0,15.0,223019,0.0124,0
20260806T145120Z_salt,salt,D,45.0,15.0,223305,0.0174,0
20260806T145120Z_salt,salt,D,45.0,15.0,223592,0.0204,0
20260806T145120Z_salt,salt,D,45.0,15.0,223881,0.0238,0
20260806T145120Z_salt,salt,D,45.0,15.0,224165,0.0284,0
20260806T145120Z_salt,salt,D,45.0,15.0,224454,0.0322,0
20260806T145120Z_salt,salt,D,45.0,15.0,224741,0.0338,0
20260806T145120Z_salt,salt,D,45.0,15.0,225026,0.0353,0
20260806T145120Z_salt,salt,D,45.0,15.0,225313,0.0359,0
20260806T145120Z_salt,salt,D,45.0,15.0,225601,0.0362,0
20260806T145120Z_salt,salt,D,45.0,15.0,225887,0.0365,0
20260806T145120Z_salt,salt,D,45.0,15.0,226174,0.0369,0
20260806T145120Z_salt,salt,D,45.0,15.0,226463,0.0371,0
20260806T145120Z_salt,salt,D,45.0,15.0,226747,0.0375,0
20260806T145120Z_salt,salt,D,45.0,15.0,227034,0.0454,0
20260806T145120Z_salt,salt,D,45.0,15.0,227322,0.0526,0
20260806T145120Z_salt,salt,D,45.0,15.0,227608,0.0604,0
20260806T145120Z_salt,salt,D,45.0,15.0,227895,0.0655,0
20260806T145120Z_salt,salt,D,45.0,15.0,228183,0.0692,0
20260806T145120Z_salt,salt,D,45.0,15.0,228470,0.0727,0
20260806T145120Z_salt,salt,D,45.0,15.0,228756,0.0744,0
20260806T145120Z_salt,salt,D,45.0,15.0,229043,0.0746,0
20260806T145120Z_salt,salt,D,45.0,15.0,229331,0.0748,0
20260806T145120Z_salt,salt,D,45.0,15.0,229617,0.0751,0
20260806T145120Z_salt,salt,D,45.0,15.0,229904,0.0756,0
20260806T145120Z_salt,salt,D,45.0,15.0,230192,0.0762,0
20260806T145120Z_salt,salt,D,45.0,15.0,230477,0.0768,0
20260806T145120Z_salt,salt,D,45.0,15.0,230764,0.083,0
20260806T145120Z_salt,salt,D,45.0,15.0,231059,0.0885,0
20260806T145120Z_salt,salt,D,45.0,15.0,231339,0.0949,0
20260806T145120Z_salt,salt,D,45.0,15.0,231626,0.1023,0
20260806T145120Z_salt,salt,D,45.0,15.0,231914,0.1076,0
20260806T145120Z_salt,salt,D,45.0,15.0,232199,0.112,0
20260806T145120Z_salt,salt,D,45.0,15.0,232487,0.1144,0
20260806T145120Z_salt,salt,D,45.0,15.0,232774,0.1172,0
20260806T145120Z_salt,salt,D,45.0,15.0,233060,0.1182,0
20260806T145120Z_salt,salt,D,45.0,15.0,233347,0.1185,0
20260806T145120Z_salt,salt,D,45.0,15.0,233635,0.1188,0
20260806T145120Z_salt,salt,D,45.0,15.0,233921,0.1193,0
20260806T145120Z_salt,salt,D,45.0,15.0,234208,0.1196,0
20260806T145120Z_salt,salt,D,45.0,15.0,234495,0.12,0
20260806T145120Z_salt,salt,D,45.0,15.0,234781,0.1206,0
20260806T145120Z_salt,salt,D,45.0,45.0,237362,0.1517,1
20260806T145120Z_salt,salt,D,45.0,45.0,237650,0.1517,1
20260806T145120Z_salt,salt,D,45.0,45.0,237937,0.1517,1
20260806T145120Z_salt,salt,D,45.0,45.0,238226,0.1519,0
20260806T145120Z_salt,salt,D,45.0,45.0,238510,0.1583,0
20260806T145120Z_salt,salt,D,45.0,45.0,238799,0.1603,0
20260806T145120Z_salt,salt,D,45.0,45.0,239085,0.162,0
20260806T145120Z_salt,salt,D,45.0,45.0,239371,0.1661,0
20260806T145120Z_salt,salt,D,45.0,45.0,239659,0.172,0
20260806T145120Z_salt,salt,D,45.0,45.0,239946,0.1751,0
20260806T145120Z_salt,salt,D,45.0,45.0,240231,0.1763,0
20260806T145120Z_salt,salt,D,45.0,45.0,240519,0.1773,0
20260806T145120Z_salt,salt,D,45.0,45.0,240807,0.1833,0
20260806T145120Z_salt,salt,D,45.0,45.0,241092,0.1901,0
20260806T145120Z_salt,salt,D,45.0,45.0,241380,0.1933,0
20260806T145120Z_salt,salt,D,45.0,45.0,241667,0.1957,0
20260806T145120Z_salt,salt,D,45.0,90.0,244153,0.2106,1
20260806T145120Z_salt,salt,D,45.0,90.0,244439,0.2106,1
20260806T145120Z_salt,salt,D,45.0,90.0,244726,0.2106,1
20260806T145120Z_salt,salt,D,45.0,90.0,245014,0.2106,1
20260806T145120Z_salt,salt,D,45.0,90.0,245302,0.2193,0
20260806T145120Z_salt,salt,D,45.0,90.0,245588,0.2282,0
20260806T145120Z_salt,salt,D,45.0,90.0,245874,0.2347,0
20260806T145120Z_salt,salt,D,45.0,90.0,246162,0.2407,0
20260811T183043Z_alsi10mg,alsi10mg,D,45.0,15.0,221149,0.0,1
20260811T183043Z_alsi10mg,alsi10mg,D,45.0,15.0,221435,0.0,1
20260811T183043Z_alsi10mg,alsi10mg,D,45.0,15.0,221723,0.0,1
20260811T183043Z_alsi10mg,alsi10mg,D,45.0,15.0,222010,0.0,1
20260811T183043Z_alsi10mg,alsi10mg,D,45.0,15.0,222295,0.0081,0
20260811T183043Z_alsi10mg,alsi10mg,D,45.0,15.0,222582,0.0098,0
20260811T183043Z_alsi10mg,alsi10mg,D,45.0,15.0,222871,0.0103,0
20260811T183043Z_alsi10mg,alsi10mg,D,45.0,15.0,223155,0.0104,0
20260811T183043Z_alsi10mg,alsi10mg,D,45.0,15.0,223443,0.011,0
20260811T183043Z_alsi10mg,alsi10mg,D,45.0,15.0,223730,0.0243,0
20260811T183043Z_alsi10mg,alsi10mg,D,45.0,15.0,224015,0.0367,0
20260811T183043Z_alsi10mg,alsi10mg,D,45.0,15.0,224304,0.0519,0
20260811T183043Z_alsi10mg,alsi10mg,D,45.0,15.0,224591,0.0654,0
20260811T183043Z_alsi10mg,alsi10mg,D,45.0,15.0,224876,0.075,0
20260811T183043Z_alsi10mg,alsi10mg,D,45.0,15.0,225165,0.0853,0
20260811T183043Z_alsi10mg,alsi10mg,D,45.0,15.0,225452,0.0955,0
20260811T183043Z_alsi10mg,alsi10mg,D,45.0,15.0,225739,0.1045,0
20260811T183043Z_alsi10mg,alsi10mg,D,45.0,15.0,226025,0.1125,0
20260811T183043Z_alsi10mg,alsi10mg,D,45.0,15.0,226313,0.1158,0
20260811T183043Z_alsi10mg,alsi10mg,D,45.0,15.0,226600,0.1168,0
20260811T183043Z_alsi10mg,alsi10mg,D,45.0,15.0,226885,0.117,0
20260811T183043Z_alsi10mg,alsi10mg,D,45.0,15.0,227174,0.1171,0
20260811T183043Z_alsi10mg,alsi10mg,D,45.0,15.0,227460,0.1177,0
20260811T183043Z_alsi10mg,alsi10mg,D,45.0,15.0,227747,0.1333,0
20260811T183043Z_alsi10mg,alsi10mg,D,45.0,15.0,228034,0.1466,0
20260811T183043Z_alsi10mg,alsi10mg,D,45.0,15.0,228322,0.1612,0
20260811T183043Z_alsi10mg,alsi10mg,D,45.0,15.0,228607,0.1771,0
20260811T183043Z_alsi10mg,alsi10mg,D,45.0,15.0,228895,0.1862,0
20260811T183043Z_alsi10mg,alsi10mg,D,45.0,15.0,229182,0.1955,0
20260811T183043Z_alsi10mg,alsi10mg,D,45.0,15.0,229468,0.2076,0
20260811T183043Z_alsi10mg,alsi10mg,D,45.0,15.0,229755,0.2173,0
20260811T183043Z_alsi10mg,alsi10mg,D,45.0,15.0,230042,0.2247,0
20260811T183043Z_alsi10mg,alsi10mg,D,45.0,15.0,230328,0.2287,0
20260811T183043Z_alsi10mg,alsi10mg,D,45.0,15.0,230616,0.2292,0
20260811T183043Z_alsi10mg,alsi10mg,D,45.0,15.0,230904,0.2292,1
20260811T183043Z_alsi10mg,alsi10mg,D,45.0,15.0,231285,0.2293,1
20260811T183043Z_alsi10mg,alsi10mg,D,45.0,15.0,231572,0.2341,0
20260811T183043Z_alsi10mg,alsi10mg,D,45.0,15.0,231860,0.2471,0
20260811T183043Z_alsi10mg,alsi10mg,D,45.0,15.0,232146,0.2596,0
20260811T183043Z_alsi10mg,alsi10mg,D,45.0,15.0,232432,0.273,0
20260811T183043Z_alsi10mg,alsi10mg,D,45.0,15.0,232721,0.2873,0
20260811T183043Z_alsi10mg,alsi10mg,D,45.0,15.0,233005,0.3001,0
20260811T183043Z_alsi10mg,alsi10mg,D,45.0,15.0,233294,0.312,0
20260811T183043Z_alsi10mg,alsi10mg,D,45.0,15.0,233581,0.3232,0
20260811T183043Z_alsi10mg,alsi10mg,D,45.0,15.0,233867,0.3332,0
20260811T183043Z_alsi10mg,alsi10mg,D,45.0,15.0,234153,0.3407,0
20260811T183043Z_alsi10mg,alsi10mg,D,45.0,15.0,234441,0.3424,0
20260811T183043Z_alsi10mg,alsi10mg,D,45.0,15.0,234726,0.3424,0
20260811T183043Z_alsi10mg,alsi10mg,D,45.0,45.0,237309,0.3532,1
20260811T183043Z_alsi10mg,alsi10mg,D,45.0,45.0,237597,0.3532,1
20260811T183043Z_alsi10mg,alsi10mg,D,45.0,45.0,237885,0.3535,0
20260811T183043Z_alsi10mg,alsi10mg,D,45.0,45.0,238169,0.3748,0
20260811T183043Z_alsi10mg,alsi10mg,D,45.0,45.0,238457,0.3935,0
20260811T183043Z_alsi10mg,alsi10mg,D,45.0,45.0,238745,0.4033,0
20260811T183043Z_alsi10mg,alsi10mg,D,45.0,45.0,239030,0.4057,0
20260811T183043Z_alsi10mg,alsi10mg,D,45.0,45.0,239317,0.4073,0
20260811T183043Z_alsi10mg,alsi10mg,D,45.0,45.0,239605,0.4196,0
20260811T183043Z_alsi10mg,alsi10mg,D,45.0,45.0,239890,0.4363,0
20260811T183043Z_alsi10mg,alsi10mg,D,45.0,45.0,240178,0.4444,0
20260811T183043Z_alsi10mg,alsi10mg,D,45.0,45.0,240465,0.4472,0
20260811T183043Z_alsi10mg,alsi10mg,D,45.0,45.0,240753,0.4593,0
20260811T183043Z_alsi10mg,alsi10mg,D,45.0,45.0,241038,0.4796,0
20260811T183043Z_alsi10mg,alsi10mg,D,45.0,45.0,241326,0.4912,0
20260811T183043Z_alsi10mg,alsi10mg,D,45.0,45.0,241615,0.4963,0
20260811T183043Z_alsi10mg,alsi10mg,D,45.0,90.0,244100,0.5312,1
20260811T183043Z_alsi10mg,alsi10mg,D,45.0,90.0,244386,0.5312,1
20260811T183043Z_alsi10mg,alsi10mg,D,45.0,90.0,244674,0.5313,1
20260811T183043Z_alsi10mg,alsi10mg,D,45.0,90.0,244960,0.5425,0
20260811T183043Z_alsi10mg,alsi10mg,D,45.0,90.0,245246,0.5557,0
20260811T183043Z_alsi10mg,alsi10mg,D,45.0,90.0,245533,0.5767,0
20260811T183043Z_alsi10mg,alsi10mg,D,45.0,90.0,245821,0.5907,0
20260811T183043Z_alsi10mg,alsi10mg,D,45.0,90.0,246106,0.6109,0
20260812T215154Z_salt,salt,D,45.0,15.0,221192,0.0,1
20260812T215154Z_salt,salt,D,45.0,15.0,221564,0.0,1
20260812T215154Z_salt,salt,D,45.0,15.0,221850,0.0,1
20260812T215154Z_salt,salt,D,45.0,15.0,222138,0.0,1
20260812T215154Z_salt,salt,D,45.0,15.0,222424,0.0005,0
20260812T215154Z_salt,salt,D,45.0,15.0,222712,0.0009,0
20260812T215154Z_salt,salt,D,45.0,15.0,222997,0.0012,0
20260812T215154Z_salt,salt,D,45.0,15.0,223285,0.0018,0
20260812T215154Z_salt,salt,D,45.0,15.0,223572,0.0128,0
20260812T215154Z_salt,salt,D,45.0,15.0,223857,0.0367,0
20260812T215154Z_salt,salt,D,45.0,15.0,224145,0.0735,0
20260812T215154Z_salt,salt,D,45.0,15.0,224434,0.1192,0
20260812T215154Z_salt,salt,D,45.0,15.0,224719,0.1733,0
20260812T215154Z_salt,salt,D,45.0,15.0,225006,0.2024,0
20260812T215154Z_salt,salt,D,45.0,15.0,225293,0.2177,0
20260812T215154Z_salt,salt,D,45.0,15.0,225579,0.2269,0
20260812T215154Z_salt,salt,D,45.0,15.0,225866,0.2344,0
20260812T215154Z_salt,salt,D,45.0,15.0,226155,0.2383,0
20260812T215154Z_salt,salt,D,45.0,15.0,226439,0.2406,0
20260812T215154Z_salt,salt,D,45.0,15.0,226727,0.2407,0
20260812T215154Z_salt,salt,D,45.0,15.0,227014,0.2409,0
20260812T215154Z_salt,salt,D,45.0,15.0,227300,0.2415,0
20260812T215154Z_salt,salt,D,45.0,15.0,227587,0.2575,0
20260812T215154Z_salt,salt,D,45.0,15.0,227875,0.2779,0
20260812T215154Z_salt,salt,D,45.0,15.0,228161,0.3083,0
20260812T215154Z_salt,salt,D,45.0,15.0,228449,0.3561,0
20260812T215154Z_salt,salt,D,45.0,15.0,228736,0.397,0
20260812T215154Z_salt,salt,D,45.0,15.0,229021,0.4219,0
20260812T215154Z_salt,salt,D,45.0,15.0,229309,0.4371,0
20260812T215154Z_salt,salt,D,45.0,15.0,229596,0.4483,0
20260812T215154Z_salt,salt,D,45.0,15.0,229882,0.4545,0
20260812T215154Z_salt,salt,D,45.0,15.0,230169,0.4603,0
20260812T215154Z_salt,salt,D,45.0,15.0,230457,0.4615,0
20260812T215154Z_salt,salt,D,45.0,15.0,230838,0.4617,0
20260812T215154Z_salt,salt,D,45.0,15.0,231126,0.4619,0
20260812T215154Z_salt,salt,D,45.0,15.0,231413,0.4673,0
20260812T215154Z_salt,salt,D,45.0,15.0,231699,0.4836,0
20260812T215154Z_salt,salt,D,45.0,15.0,231986,0.5057,0
20260812T215154Z_salt,salt,D,45.0,15.0,232274,0.5469,0
20260812T215154Z_salt,salt,D,45.0,15.0,232559,0.5975,0
20260812T215154Z_salt,salt,D,45.0,15.0,232847,0.6294,0
20260812T215154Z_salt,salt,D,45.0,15.0,233134,0.6462,0
20260812T215154Z_salt,salt,D,45.0,15.0,233422,0.6565,0
20260812T215154Z_salt,salt,D,45.0,15.0,233708,0.6672,0
20260812T215154Z_salt,salt,D,45.0,15.0,233995,0.6742,0
20260812T215154Z_salt,salt,D,45.0,15.0,234283,0.6773,0
20260812T215154Z_salt,salt,D,45.0,15.0,234568,0.6777,0
20260812T215154Z_salt,salt,D,45.0,15.0,234856,0.6776,1
20260812T215154Z_salt,salt,D,45.0,45.0,237354,0.7084,1
20260812T215154Z_salt,salt,D,45.0,45.0,237726,0.7084,1
20260812T215154Z_salt,salt,D,45.0,45.0,238011,0.7157,0
20260812T215154Z_salt,salt,D,45.0,45.0,238298,0.7528,0
20260812T215154Z_salt,salt,D,45.0,45.0,238586,0.8175,0
20260812T215154Z_salt,salt,D,45.0,45.0,238871,0.8427,0
20260812T215154Z_salt,salt,D,45.0,45.0,239159,0.8461,0
20260812T215154Z_salt,salt,D,45.0,45.0,239446,0.8694,0
20260812T215154Z_salt,salt,D,45.0,45.0,239732,0.9302,0
20260812T215154Z_salt,salt,D,45.0,45.0,240019,0.9814,0
20260812T215154Z_salt,salt,D,45.0,45.0,240307,0.9928,0
20260812T215154Z_salt,salt,D,45.0,45.0,240596,1.001,0
20260812T215154Z_salt,salt,D,45.0,45.0,240880,1.0416,0
20260812T215154Z_salt,salt,D,45.0,45.0,241168,1.1094,0
20260812T215154Z_salt,salt,D,45.0,45.0,241455,1.1487,0
20260812T215154Z_salt,salt,D,45.0,45.0,241742,1.1533,0
20260812T215154Z_salt,salt,D,45.0,90.0,244324,1.2833,1
20260812T215154Z_salt,salt,D,45.0,90.0,244611,1.2833,1
20260812T215154Z_salt,salt,D,45.0,90.0,244899,1.2891,0
20260812T215154Z_salt,salt,D,45.0,90.0,245184,1.3086,0
20260812T215154Z_salt,salt,D,45.0,90.0,245471,1.3479,0
20260812T215154Z_salt,salt,D,45.0,90.0,245758,1.4154,0
20260812T215154Z_salt,salt,D,45.0,90.0,246044,1.4484,0
20260812T215154Z_salt,salt,D,45.0,90.0,246332,1.5142,0
20260820T175631Z_salt,salt,D,45.0,15.0,976407,58.5567,0
20260820T175631Z_salt,salt,D,45.0,15.0,976787,58.5638,0
20260820T175631Z_salt,salt,D,45.0,15.0,977174,58.582,0
20260820T175631Z_salt,salt,D,45.0,15.0,977547,58.5824,0
20260820T175631Z_salt,salt,D,45.0,15.0,977934,58.5898,0
20260820T175631Z_salt,salt,D,45.0,15.0,978321,58.605,0
20260820T175631Z_salt,salt,D,45.0,15.0,978695,58.6341,0
20260820T175631Z_salt,salt,D,45.0,15.0,979081,58.6612,0
20260820T175631Z_salt,salt,D,45.0,15.0,979468,58.6773,0
20260820T175631Z_salt,salt,D,45.0,15.0,979842,58.686,0
20260820T175631Z_salt,salt,D,45.0,15.0,980228,58.6902,0
20260820T175631Z_salt,salt,D,45.0,15.0,980614,58.6936,0
20260820T175631Z_salt,salt,D,45.0,15.0,981000,58.6927,0
20260820T175631Z_salt,salt,D,45.0,15.0,981374,58.6935,0
20260820T175631Z_salt,salt,D,45.0,15.0,981760,58.7079,0
20260820T175631Z_salt,salt,D,45.0,15.0,982146,58.74,0
20260820T175631Z_salt,salt,D,45.0,15.0,982519,58.784,0
20260820T175631Z_salt,salt,D,45.0,15.0,982905,58.8167,0
20260820T175631Z_salt,salt,D,45.0,15.0,983291,58.8278,0
20260820T175631Z_salt,salt,D,45.0,15.0,983677,58.8471,0
20260820T175631Z_salt,salt,D,45.0,15.0,984051,58.853,0
20260820T175631Z_salt,salt,D,45.0,15.0,984437,58.8501,0
20260820T175631Z_salt,salt,D,45.0,15.0,984823,58.8512,0
20260820T175631Z_salt,salt,D,45.0,15.0,985209,58.8613,0
20260820T175631Z_salt,salt,D,45.0,15.0,985580,58.8551,0
20260820T175631Z_salt,salt,D,45.0,15.0,985966,58.856,0
20260820T175631Z_salt,salt,D,45.0,15.0,986352,58.8802,0
20260820T175631Z_salt,salt,D,45.0,15.0,986738,58.9206,0
20260820T175631Z_salt,salt,D,45.0,15.0,987110,58.952,0
20260820T175631Z_salt,salt,D,45.0,15.0,987496,58.9692,0
20260820T175631Z_salt,salt,D,45.0,15.0,987882,58.97,0
20260820T175631Z_salt,salt,D,45.0,15.0,988268,58.9714,0
20260820T175631Z_salt,salt,D,45.0,15.0,988639,58.9763,0
20260820T175631Z_salt,salt,D,45.0,15.0,989025,58.974,0
20260820T175631Z_salt,salt,D,45.0,15.0,989411,58.9993,0
20260820T175631Z_salt,salt,D,45.0,15.0,989797,59.0287,0
20260820T175631Z_salt,salt,D,45.0,15.0,990183,59.0528,0
20260820T175631Z_salt,salt,D,45.0,15.0,990552,59.0883,0
20260820T175631Z_salt,salt,D,45.0,15.0,990938,59.1167,0
20260820T175631Z_salt,salt,D,45.0,15.0,991324,59.1383,0
20260820T175631Z_salt,salt,D,45.0,15.0,991710,59.1495,0
20260820T175631Z_salt,salt,D,45.0,15.0,992082,59.152,0
20260820T175631Z_salt,salt,D,45.0,15.0,992468,59.1535,0
20260820T175631Z_salt,salt,D,45.0,15.0,992854,59.149,0
20260820T175631Z_salt,salt,D,45.0,15.0,993240,59.1599,0
20260820T175631Z_salt,salt,D,45.0,15.0,993614,59.1582,0
20260820T175631Z_salt,salt,D,45.0,15.0,994000,59.1756,0
20260820T175631Z_salt,salt,D,45.0,15.0,994386,59.2189,0
20260820T175631Z_salt,salt,D,45.0,45.0,1004610,59.2593,0
20260820T175631Z_salt,salt,D,45.0,45.0,1004997,59.2611,0
20260820T175631Z_salt,salt,D,45.0,45.0,1005383,59.2807,0
20260820T175631Z_salt,salt,D,45.0,45.0,1005770,59.2887,0
20260820T175631Z_salt,salt,D,45.0,45.0,1006141,59.3155,0
20260820T175631Z_salt,salt,D,45.0,45.0,1006527,59.3669,0
20260820T175631Z_salt,salt,D,45.0,45.0,1006913,59.391,0
20260820T175631Z_salt,salt,D,45.0,45.0,1007299,59.4015,0
20260820T175631Z_salt,salt,D,45.0,45.0,1007671,59.4396,0
20260820T175631Z_salt,salt,D,45.0,45.0,1008057,59.4969,0
20260820T175631Z_salt,salt,D,45.0,45.0,1008443,59.5001,0
20260820T175631Z_salt,salt,D,45.0,45.0,1008829,59.5168,0
20260820T175631Z_salt,salt,D,45.0,45.0,1009200,59.5704,0
20260820T175631Z_salt,salt,D,45.0,45.0,1009586,59.5957,0
20260820T175631Z_salt,salt,D,45.0,45.0,1009972,59.5994,0
20260820T175631Z_salt,salt,D,45.0,45.0,1010358,59.6481,0
20260820T175631Z_salt,salt,D,45.0,90.0,1020588,59.6819,0
20260820T175631Z_salt,salt,D,45.0,90.0,1020969,59.7014,0
20260820T175631Z_salt,salt,D,45.0,90.0,1021356,59.7135,0
20260820T175631Z_salt,salt,D,45.0,90.0,1021728,59.7855,0
20260820T175631Z_salt,salt,D,45.0,90.0,1022115,59.8252,0
20260820T175631Z_salt,salt,D,45.0,90.0,1022502,59.8693,0
20260820T175631Z_salt,salt,D,45.0,90.0,1022876,59.9394,0
20260820T175631Z_salt,salt,D,45.0,90.0,1023262,59.9756,0
20260820T192224Z_sodium-sulfate,sodium-sulfate,D,45.0,15.0,422751,2.9216,0
20260820T192224Z_sodium-sulfate,sodium-sulfate,D,45.0,15.0,423137,2.9224,0
20260820T192224Z_sodium-sulfate,sodium-sulfate,D,45.0,15.0,423510,2.9169,0
20260820T192224Z_sodium-sulfate,sodium-sulfate,D,45.0,15.0,423896,2.9227,0
20260820T192224Z_sodium-sulfate,sodium-sulfate,D,45.0,15.0,424282,2.9643,0
20260820T192224Z_sodium-sulfate,sodium-sulfate,D,45.0,15.0,424656,3.0072,0
20260820T192224Z_sodium-sulfate,sodium-sulfate,D,45.0,15.0,425042,3.0786,0
20260820T192224Z_sodium-sulfate,sodium-sulfate,D,45.0,15.0,425428,3.1293,0
20260820T192224Z_sodium-sulfate,sodium-sulfate,D,45.0,15.0,425814,3.154,0
20260820T192224Z_sodium-sulfate,sodium-sulfate,D,45.0,15.0,426188,3.1671,0
20260820T192224Z_sodium-sulfate,sodium-sulfate,D,45.0,15.0,426574,3.1783,0
20260820T192224Z_sodium-sulfate,sodium-sulfate,D,45.0,15.0,426960,3.1785,0
20260820T192224Z_sodium-sulfate,sodium-sulfate,D,45.0,15.0,427334,3.1829,0
20260820T192224Z_sodium-sulfate,sodium-sulfate,D,45.0,15.0,427720,3.1864,0
20260820T192224Z_sodium-sulfate,sodium-sulfate,D,45.0,15.0,428106,3.2066,0
20260820T192224Z_sodium-sulfate,sodium-sulfate,D,45.0,15.0,428492,3.2601,0
20260820T192224Z_sodium-sulfate,sodium-sulfate,D,45.0,15.0,428865,3.3252,0
20260820T192224Z_sodium-sulfate,sodium-sulfate,D,45.0,15.0,429247,3.376,0
20260820T192224Z_sodium-sulfate,sodium-sulfate,D,45.0,15.0,429633,3.4003,0
20260820T192224Z_sodium-sulfate,sodium-sulfate,D,45.0,15.0,430019,3.4271,0
20260820T192224Z_sodium-sulfate,sodium-sulfate,D,45.0,15.0,430405,3.4362,0
20260820T192224Z_sodium-sulfate,sodium-sulfate,D,45.0,15.0,430778,3.4377,0
20260820T192224Z_sodium-sulfate,sodium-sulfate,D,45.0,15.0,431165,3.4368,0
20260820T192224Z_sodium-sulfate,sodium-sulfate,D,45.0,15.0,431551,3.4369,1
20260820T192224Z_sodium-sulfate,sodium-sulfate,D,45.0,15.0,431924,3.4519,0
20260820T192224Z_sodium-sulfate,sodium-sulfate,D,45.0,15.0,432310,3.4959,0
20260820T192224Z_sodium-sulfate,sodium-sulfate,D,45.0,15.0,432696,3.5726,0
20260820T192224Z_sodium-sulfate,sodium-sulfate,D,45.0,15.0,433082,3.622,0
20260820T192224Z_sodium-sulfate,sodium-sulfate,D,45.0,15.0,433456,3.656,0
20260820T192224Z_sodium-sulfate,sodium-sulfate,D,45.0,15.0,433842,3.6832,0
20260820T192224Z_sodium-sulfate,sodium-sulfate,D,45.0,15.0,434228,3.6955,0
20260820T192224Z_sodium-sulfate,sodium-sulfate,D,45.0,15.0,434614,3.6988,0
20260820T192224Z_sodium-sulfate,sodium-sulfate,D,45.0,15.0,434986,3.6998,0
20260820T192224Z_sodium-sulfate,sodium-sulfate,D,45.0,15.0,435372,3.7025,0
20260820T192224Z_sodium-sulfate,sodium-sulfate,D,45.0,15.0,435758,3.7101,0
20260820T192224Z_sodium-sulfate,sodium-sulfate,D,45.0,15.0,436144,3.7324,0
20260820T192224Z_sodium-sulfate,sodium-sulfate,D,45.0,15.0,436515,3.7909,0
20260820T192224Z_sodium-sulfate,sodium-sulfate,D,45.0,15.0,436901,3.865,0
20260820T192224Z_sodium-sulfate,sodium-sulfate,D,45.0,15.0,437287,3.907,0
20260820T192224Z_sodium-sulfate,sodium-sulfate,D,45.0,15.0,437673,3.9335,0
20260820T192224Z_sodium-sulfate,sodium-sulfate,D,45.0,15.0,438045,3.9588,0
20260820T192224Z_sodium-sulfate,sodium-sulfate,D,45.0,15.0,438431,3.9585,0
20260820T192224Z_sodium-sulfate,sodium-sulfate,D,45.0,15.0,438817,3.9644,0
20260820T192224Z_sodium-sulfate,sodium-sulfate,D,45.0,15.0,439203,3.9699,0
20260820T192224Z_sodium-sulfate,sodium-sulfate,D,45.0,15.0,439576,3.9685,0
20260820T192224Z_sodium-sulfate,sodium-sulfate,D,45.0,15.0,439962,3.987,0
20260820T192224Z_sodium-sulfate,sodium-sulfate,D,45.0,15.0,440348,4.033,0
20260820T192224Z_sodium-sulfate,sodium-sulfate,D,45.0,15.0,440734,4.1036,0
20260820T192224Z_sodium-sulfate,sodium-sulfate,D,45.0,45.0,448480,4.2118,0
20260820T192224Z_sodium-sulfate,sodium-sulfate,D,45.0,45.0,448852,4.2125,0
20260820T192224Z_sodium-sulfate,sodium-sulfate,D,45.0,45.0,449238,4.2125,0
20260820T192224Z_sodium-sulfate,sodium-sulfate,D,45.0,45.0,449624,4.2252,0
20260820T192224Z_sodium-sulfate,sodium-sulfate,D,45.0,45.0,450010,4.271,0
20260820T192224Z_sodium-sulfate,sodium-sulfate,D,45.0,45.0,450390,4.3916,0
20260820T192224Z_sodium-sulfate,sodium-sulfate,D,45.0,45.0,450764,4.422,0
20260820T192224Z_sodium-sulfate,sodium-sulfate,D,45.0,45.0,451151,4.4289,0
20260820T192224Z_sodium-sulfate,sodium-sulfate,D,45.0,45.0,451537,4.5146,0
20260820T192224Z_sodium-sulfate,sodium-sulfate,D,45.0,45.0,451924,4.6034,0
20260820T192224Z_sodium-sulfate,sodium-sulfate,D,45.0,45.0,452294,4.6063,0
20260820T192224Z_sodium-sulfate,sodium-sulfate,D,45.0,45.0,452680,4.6521,0
20260820T192224Z_sodium-sulfate,sodium-sulfate,D,45.0,45.0,453067,4.7642,0
20260820T192224Z_sodium-sulfate,sodium-sulfate,D,45.0,45.0,453453,4.7963,0
20260820T192224Z_sodium-sulfate,sodium-sulfate,D,45.0,45.0,453825,4.8086,0
20260820T192224Z_sodium-sulfate,sodium-sulfate,D,45.0,45.0,454211,4.9025,0
20260820T192224Z_sodium-sulfate,sodium-sulfate,D,45.0,90.0,461960,4.9963,0
20260820T192224Z_sodium-sulfate,sodium-sulfate,D,45.0,90.0,462347,4.9978,0
20260820T192224Z_sodium-sulfate,sodium-sulfate,D,45.0,90.0,462719,5.0179,0
20260820T192224Z_sodium-sulfate,sodium-sulfate,D,45.0,90.0,463105,5.1212,0
20260820T192224Z_sodium-sulfate,sodium-sulfate,D,45.0,90.0,463491,5.1745,0
20260820T192224Z_sodium-sulfate,sodium-sulfate,D,45.0,90.0,463877,5.2768,0
20260820T192224Z_sodium-sulfate,sodium-sulfate,D,45.0,90.0,464248,5.3521,0
20260820T192224Z_sodium-sulfate,sodium-sulfate,D,45.0,90.0,464634,5.4274,0
20260820T214823Z_silicon-110-200,silicon-110-200,D,45.0,15.0,449316,3.5486,0
20260820T214823Z_silicon-110-200,silicon-110-200,D,45.0,15.0,449702,3.5482,0
20260820T214823Z_silicon-110-200,silicon-110-200,D,45.0,15.0,450088,3.548,0
20260820T214823Z_silicon-110-200,silicon-110-200,D,45.0,15.0,450474,3.5542,0
20260820T214823Z_silicon-110-200,silicon-110-200,D,45.0,15.0,450845,3.5762,0
20260820T214823Z_silicon-110-200,silicon-110-200,D,45.0,15.0,451231,3.5952,0
20260820T214823Z_silicon-110-200,silicon-110-200,D,45.0,15.0,451617,3.6028,0
20260820T214823Z_silicon-110-200,silicon-110-200,D,45.0,15.0,452003,3.6087,0
20260820T214823Z_silicon-110-200,silicon-110-200,D,45.0,15.0,452389,3.6093,0
20260820T214823Z_silicon-110-200,silicon-110-200,D,45.0,15.0,452758,3.6103,0
20260820T214823Z_silicon-110-200,silicon-110-200,D,45.0,15.0,453144,3.6166,0
20260820T214823Z_silicon-110-200,silicon-110-200,D,45.0,15.0,453530,3.6449,0
20260820T214823Z_silicon-110-200,silicon-110-200,D,45.0,15.0,453916,3.7017,0
20260820T214823Z_silicon-110-200,silicon-110-200,D,45.0,15.0,454302,3.7547,0
20260820T214823Z_silicon-110-200,silicon-110-200,D,45.0,15.0,454671,3.7825,0
20260820T214823Z_silicon-110-200,silicon-110-200,D,45.0,15.0,455057,3.8035,0
20260820T214823Z_silicon-110-200,silicon-110-200,D,45.0,15.0,455443,3.8153,0
20260820T214823Z_silicon-110-200,silicon-110-200,D,45.0,15.0,455829,3.823,0
20260820T214823Z_silicon-110-200,silicon-110-200,D,45.0,15.0,456201,3.8274,0
20260820T214823Z_silicon-110-200,silicon-110-200,D,45.0,15.0,456587,3.8272,0
20260820T214823Z_silicon-110-200,silicon-110-200,D,45.0,15.0,456973,3.8273,0
20260820T214823Z_silicon-110-200,silicon-110-200,D,45.0,15.0,457359,3.8492,0
20260820T214823Z_silicon-110-200,silicon-110-200,D,45.0,15.0,457732,3.8933,0
20260820T214823Z_silicon-110-200,silicon-110-200,D,45.0,15.0,458118,3.9536,0
20260820T214823Z_silicon-110-200,silicon-110-200,D,45.0,15.0,458504,3.9875,0
20260820T214823Z_silicon-110-200,silicon-110-200,D,45.0,15.0,458890,4.0115,0
20260820T214823Z_silicon-110-200,silicon-110-200,D,45.0,15.0,459262,4.0296,0
20260820T214823Z_silicon-110-200,silicon-110-200,D,45.0,15.0,459648,4.0404,0
20260820T214823Z_silicon-110-200,silicon-110-200,D,45.0,15.0,460034,4.0455,0
20260820T214823Z_silicon-110-200,silicon-110-200,D,45.0,15.0,460420,4.0444,0
20260820T214823Z_silicon-110-200,silicon-110-200,D,45.0,15.0,460799,4.0456,0
20260820T214823Z_silicon-110-200,silicon-110-200,D,45.0,15.0,461186,4.0564,0
20260820T214823Z_silicon-110-200,silicon-110-200,D,45.0,15.0,461556,4.088,0
20260820T214823Z_silicon-110-200,silicon-110-200,D,45.0,15.0,461943,4.142,0
20260820T214823Z_silicon-110-200,silicon-110-200,D,45.0,15.0,462330,4.1914,0
20260820T214823Z_silicon-110-200,silicon-110-200,D,45.0,15.0,462716,4.2212,0
20260820T214823Z_silicon-110-200,silicon-110-200,D,45.0,15.0,463088,4.2422,0
20260820T214823Z_silicon-110-200,silicon-110-200,D,45.0,15.0,463474,4.2544,0
20260820T214823Z_silicon-110-200,silicon-110-200,D,45.0,15.0,463860,4.2601,0
20260820T214823Z_silicon-110-200,silicon-110-200,D,45.0,15.0,464246,4.263,0
20260820T214823Z_silicon-110-200,silicon-110-200,D,45.0,15.0,464617,4.2643,0
20260820T214823Z_silicon-110-200,silicon-110-200,D,45.0,15.0,465003,4.2673,0
20260820T214823Z_silicon-110-200,silicon-110-200,D,45.0,15.0,465389,4.2877,0
20260820T214823Z_silicon-110-200,silicon-110-200,D,45.0,15.0,465775,4.3332,0
20260820T214823Z_silicon-110-200,silicon-110-200,D,45.0,15.0,466147,4.3917,0
20260820T214823Z_silicon-110-200,silicon-110-200,D,45.0,15.0,466533,4.4291,0
20260820T214823Z_silicon-110-200,silicon-110-200,D,45.0,15.0,466919,4.4507,0
20260820T214823Z_silicon-110-200,silicon-110-200,D,45.0,15.0,467306,4.4667,0
20260820T214823Z_silicon-110-200,silicon-110-200,D,45.0,45.0,475049,4.482,0
20260820T214823Z_silicon-110-200,silicon-110-200,D,45.0,45.0,475435,4.4829,0
20260820T214823Z_silicon-110-200,silicon-110-200,D,45.0,45.0,475805,4.479,0
20260820T214823Z_silicon-110-200,silicon-110-200,D,45.0,45.0,476191,4.5275,0
20260820T214823Z_silicon-110-200,silicon-110-200,D,45.0,45.0,476577,4.6161,0
20260820T214823Z_silicon-110-200,silicon-110-200,D,45.0,45.0,476963,4.6458,0
20260820T214823Z_silicon-110-200,silicon-110-200,D,45.0,45.0,477349,4.6637,0
20260820T214823Z_silicon-110-200,silicon-110-200,D,45.0,45.0,477718,4.7462,0
20260820T214823Z_silicon-110-200,silicon-110-200,D,45.0,45.0,478104,4.8056,0
20260820T214823Z_silicon-110-200,silicon-110-200,D,45.0,45.0,478490,4.8193,0
20260820T214823Z_silicon-110-200,silicon-110-200,D,45.0,45.0,478876,4.8643,0
20260820T214823Z_silicon-110-200,silicon-110-200,D,45.0,45.0,479248,4.9522,0
20260820T214823Z_silicon-110-200,silicon-110-200,D,45.0,45.0,479634,4.9815,0
20260820T214823Z_silicon-110-200,silicon-110-200,D,45.0,45.0,480020,4.9999,0
20260820T214823Z_silicon-110-200,silicon-110-200,D,45.0,45.0,480406,5.0874,0
20260820T214823Z_silicon-110-200,silicon-110-200,D,45.0,45.0,480779,5.142,0
20260820T214823Z_silicon-110-200,silicon-110-200,D,45.0,90.0,488531,5.261,0
20260820T214823Z_silicon-110-200,silicon-110-200,D,45.0,90.0,488917,5.2612,0
20260820T214823Z_silicon-110-200,silicon-110-200,D,45.0,90.0,489290,5.2848,0
20260820T214823Z_silicon-110-200,silicon-110-200,D,45.0,90.0,489676,5.3368,0
20260820T214823Z_silicon-110-200,silicon-110-200,D,45.0,90.0,490062,5.4463,0
20260820T214823Z_silicon-110-200,silicon-110-200,D,45.0,90.0,490448,5.5013,0
20260820T214823Z_silicon-110-200,silicon-110-200,D,45.0,90.0,490819,5.6093,0
20260820T214823Z_silicon-110-200,silicon-110-200,D,45.0,90.0,491206,5.6797,0
20260821T151337Z_alsi10mg,alsi10mg,D,45.0,15.0,530451,7.9346,0
20260821T151337Z_alsi10mg,alsi10mg,D,45.0,15.0,530838,7.9146,0
20260821T151337Z_alsi10mg,alsi10mg,D,45.0,15.0,531208,7.8973,0
20260821T151337Z_alsi10mg,alsi10mg,D,45.0,15.0,531595,7.9161,0
20260821T151337Z_alsi10mg,alsi10mg,D,45.0,15.0,531981,7.9265,0
20260821T151337Z_alsi10mg,alsi10mg,D,45.0,15.0,532367,7.9365,0
20260821T151337Z_alsi10mg,alsi10mg,D,45.0,15.0,532740,7.9433,0
20260821T151337Z_alsi10mg,alsi10mg,D,45.0,15.0,533126,7.9459,0
20260821T151337Z_alsi10mg,alsi10mg,D,45.0,15.0,533512,7.9427,0
20260821T151337Z_alsi10mg,alsi10mg,D,45.0,15.0,533886,7.9663,0
20260821T151337Z_alsi10mg,alsi10mg,D,45.0,15.0,534272,8.0153,0
20260821T151337Z_alsi10mg,alsi10mg,D,45.0,15.0,534658,8.0668,0
20260821T151337Z_alsi10mg,alsi10mg,D,45.0,15.0,535044,8.124,0
20260821T151337Z_alsi10mg,alsi10mg,D,45.0,15.0,535430,8.1491,0
20260821T151337Z_alsi10mg,alsi10mg,D,45.0,15.0,535799,8.1816,0
20260821T151337Z_alsi10mg,alsi10mg,D,45.0,15.0,536185,8.1873,0
20260821T151337Z_alsi10mg,alsi10mg,D,45.0,15.0,536571,8.1893,0
20260821T151337Z_alsi10mg,alsi10mg,D,45.0,15.0,536957,8.1934,0
20260821T151337Z_alsi10mg,alsi10mg,D,45.0,15.0,537329,8.1987,0
20260821T151337Z_alsi10mg,alsi10mg,D,45.0,15.0,537715,8.2159,0
20260821T151337Z_alsi10mg,alsi10mg,D,45.0,15.0,538102,8.2536,0
20260821T151337Z_alsi10mg,alsi10mg,D,45.0,15.0,538488,8.3094,0
20260821T151337Z_alsi10mg,alsi10mg,D,45.0,15.0,538860,8.3794,0
20260821T151337Z_alsi10mg,alsi10mg,D,45.0,15.0,539246,8.4106,0
20260821T151337Z_alsi10mg,alsi10mg,D,45.0,15.0,539632,8.4388,0
20260821T151337Z_alsi10mg,alsi10mg,D,45.0,15.0,540018,8.4495,0
20260821T151337Z_alsi10mg,alsi10mg,D,45.0,15.0,540390,8.46,0
20260821T151337Z_alsi10mg,alsi10mg,D,45.0,15.0,540776,8.4606,0
20260821T151337Z_alsi10mg,alsi10mg,D,45.0,15.0,541162,8.4718,0
20260821T151337Z_alsi10mg,alsi10mg,D,45.0,15.0,541548,8.4762,0
20260821T151337Z_alsi10mg,alsi10mg,D,45.0,15.0,541919,8.498,0
20260821T151337Z_alsi10mg,alsi10mg,D,45.0,15.0,542305,8.5631,0
20260821T151337Z_alsi10mg,alsi10mg,D,45.0,15.0,542684,8.6276,0
20260821T151337Z_alsi10mg,alsi10mg,D,45.0,15.0,543071,8.6631,0
20260821T151337Z_alsi10mg,alsi10mg,D,45.0,15.0,543457,8.7004,0
20260821T151337Z_alsi10mg,alsi10mg,D,45.0,15.0,543843,8.7231,0
20260821T151337Z_alsi10mg,alsi10mg,D,45.0,15.0,544216,8.7346,0
20260821T151337Z_alsi10mg,alsi10mg,D,45.0,15.0,544602,8.7298,0
20260821T151337Z_alsi10mg,alsi10mg,D,45.0,15.0,544988,8.7364,0
20260821T151337Z_alsi10mg,alsi10mg,D,45.0,15.0,545362,8.7416,0
20260821T151337Z_alsi10mg,alsi10mg,D,45.0,15.0,545748,8.7458,0
20260821T151337Z_alsi10mg,alsi10mg,D,45.0,15.0,546135,8.7934,0
20260821T151337Z_alsi10mg,alsi10mg,D,45.0,15.0,546522,8.8681,0
20260821T151337Z_alsi10mg,alsi10mg,D,45.0,15.0,546893,8.9263,0
20260821T151337Z_alsi10mg,alsi10mg,D,45.0,15.0,547279,8.9471,0
20260821T151337Z_alsi10mg,alsi10mg,D,45.0,15.0,547665,8.9849,0
20260821T151337Z_alsi10mg,alsi10mg,D,45.0,15.0,548040,8.9901,0
20260821T151337Z_alsi10mg,alsi10mg,D,45.0,15.0,548426,8.9997,0
20260821T151337Z_alsi10mg,alsi10mg,D,45.0,45.0,556176,8.9986,0
20260821T151337Z_alsi10mg,alsi10mg,D,45.0,45.0,556563,8.9988,0
20260821T151337Z_alsi10mg,alsi10mg,D,45.0,45.0,556933,9.0096,0
20260821T151337Z_alsi10mg,alsi10mg,D,45.0,45.0,557320,9.082,0
20260821T151337Z_alsi10mg,alsi10mg,D,45.0,45.0,557706,9.1513,0
20260821T151337Z_alsi10mg,alsi10mg,D,45.0,45.0,558092,9.1631,0
20260821T151337Z_alsi10mg,alsi10mg,D,45.0,45.0,558463,9.202,0
20260821T151337Z_alsi10mg,alsi10mg,D,45.0,45.0,558849,9.3128,0
20260821T151337Z_alsi10mg,alsi10mg,D,45.0,45.0,559235,9.3484,0
20260821T151337Z_alsi10mg,alsi10mg,D,45.0,45.0,559621,9.36,0
20260821T151337Z_alsi10mg,alsi10mg,D,45.0,45.0,559994,9.453,0
20260821T151337Z_alsi10mg,alsi10mg,D,45.0,45.0,560380,9.5328,0
20260821T151337Z_alsi10mg,alsi10mg,D,45.0,45.0,560766,9.5436,0
20260821T151337Z_alsi10mg,alsi10mg,D,45.0,45.0,561152,9.5924,0
20260821T151337Z_alsi10mg,alsi10mg,D,45.0,45.0,561524,9.7024,0
20260821T151337Z_alsi10mg,alsi10mg,D,45.0,45.0,561910,9.7349,0
20260821T151337Z_alsi10mg,alsi10mg,D,45.0,90.0,572145,9.8905,0
20260821T151337Z_alsi10mg,alsi10mg,D,45.0,90.0,572532,9.8875,0
20260821T151337Z_alsi10mg,alsi10mg,D,45.0,90.0,572904,9.8966,0
20260821T151337Z_alsi10mg,alsi10mg,D,45.0,90.0,573290,9.9401,0
20260821T151337Z_alsi10mg,alsi10mg,D,45.0,90.0,573676,10.0383,0
20260821T151337Z_alsi10mg,alsi10mg,D,45.0,90.0,574062,10.0846,0
20260821T151337Z_alsi10mg,alsi10mg,D,45.0,90.0,574433,10.1742,0
20260821T151337Z_alsi10mg,alsi10mg,D,45.0,90.0,574820,10.244,0
20260821T161838Z_silicon-325,silicon-325,D,45.0,15.0,408695,0.0,1
20260821T161838Z_silicon-325,silicon-325,D,45.0,15.0,409081,0.0,1
20260821T161838Z_silicon-325,silicon-325,D,45.0,15.0,409467,0.0,1
20260821T161838Z_silicon-325,silicon-325,D,45.0,15.0,409853,0.0,1
20260821T161838Z_silicon-325,silicon-325,D,45.0,15.0,410224,0.0,1
20260821T161838Z_silicon-325,silicon-325,D,45.0,15.0,410609,0.0,1
20260821T161838Z_silicon-325,silicon-325,D,45.0,15.0,410996,0.0006,0
20260821T161838Z_silicon-325,silicon-325,D,45.0,15.0,411383,0.0008,0
20260821T161838Z_silicon-325,silicon-325,D,45.0,15.0,411753,0.0012,0
20260821T161838Z_silicon-325,silicon-325,D,45.0,15.0,412140,0.0014,0
20260821T161838Z_silicon-325,silicon-325,D,45.0,15.0,412527,0.0017,0
20260821T161838Z_silicon-325,silicon-325,D,45.0,15.0,412901,0.0019,0
20260821T161838Z_silicon-325,silicon-325,D,45.0,15.0,413288,0.0021,0
20260821T161838Z_silicon-325,silicon-325,D,45.0,15.0,413675,0.0023,0
20260821T161838Z_silicon-325,silicon-325,D,45.0,15.0,414047,0.0025,0
20260821T161838Z_silicon-325,silicon-325,D,45.0,15.0,414434,0.0027,0
20260821T161838Z_silicon-325,silicon-325,D,45.0,15.0,414821,0.0029,0
20260821T161838Z_silicon-325,silicon-325,D,45.0,15.0,415195,0.0032,0
20260821T161838Z_silicon-325,silicon-325,D,45.0,15.0,415582,0.0034,0
20260821T161838Z_silicon-325,silicon-325,D,45.0,15.0,415969,0.0039,0
20260821T161838Z_silicon-325,silicon-325,D,45.0,15.0,416344,0.0046,0
20260821T161838Z_silicon-325,silicon-325,D,45.0,15.0,416731,0.0054,0
20260821T161838Z_silicon-325,silicon-325,D,45.0,15.0,417111,0.006,0
20260821T161838Z_silicon-325,silicon-325,D,45.0,15.0,417498,0.0066,0
20260821T161838Z_silicon-325,silicon-325,D,45.0,15.0,417885,0.0071,0
20260821T161838Z_silicon-325,silicon-325,D,45.0,15.0,418257,0.0075,0
20260821T161838Z_silicon-325,silicon-325,D,45.0,15.0,418644,0.0079,0
20260821T161838Z_silicon-325,silicon-325,D,45.0,15.0,419031,0.0083,0
20260821T161838Z_silicon-325,silicon-325,D,45.0,15.0,419403,0.0089,0
20260821T161838Z_silicon-325,silicon-325,D,45.0,15.0,419790,0.0094,0
20260821T161838Z_silicon-325,silicon-325,D,45.0,15.0,420177,0.0097,0
20260821T161838Z_silicon-325,silicon-325,D,45.0,15.0,420551,0.0102,0
20260821T161838Z_silicon-325,silicon-325,D,45.0,15.0,420937,0.0106,0
20260821T161838Z_silicon-325,silicon-325,D,45.0,15.0,421323,0.0109,0
20260821T161838Z_silicon-325,silicon-325,D,45.0,15.0,421710,0.0112,0
20260821T161838Z_silicon-325,silicon-325,D,45.0,15.0,422080,0.0113,0
20260821T161838Z_silicon-325,silicon-325,D,45.0,15.0,422466,0.0113,1
20260821T161838Z_silicon-325,silicon-325,D,45.0,15.0,422852,0.0114,1
20260821T161838Z_silicon-325,silicon-325,D,45.0,15.0,423238,0.0114,1
20260821T161838Z_silicon-325,silicon-325,D,45.0,15.0,423624,0.0115,1
20260821T161838Z_silicon-325,silicon-325,D,45.0,15.0,423993,0.0169,0
20260821T161838Z_silicon-325,silicon-325,D,45.0,15.0,424379,0.0176,0
20260821T161838Z_silicon-325,silicon-325,D,45.0,15.0,424765,0.0179,0
20260821T161838Z_silicon-325,silicon-325,D,45.0,15.0,425151,0.0182,0
20260821T161838Z_silicon-325,silicon-325,D,45.0,15.0,425525,0.0183,0
20260821T161838Z_silicon-325,silicon-325,D,45.0,15.0,425911,0.0184,0
20260821T161838Z_silicon-325,silicon-325,D,45.0,15.0,426297,0.0185,0
20260821T161838Z_silicon-325,silicon-325,D,45.0,15.0,426671,0.019,0
20260821T161838Z_silicon-325,silicon-325,D,45.0,45.0,434420,0.0214,1
20260821T161838Z_silicon-325,silicon-325,D,45.0,45.0,434806,0.0214,1
20260821T161838Z_silicon-325,silicon-325,D,45.0,45.0,435192,0.0214,1
20260821T161838Z_silicon-325,silicon-325,D,45.0,45.0,435566,0.0214,1
20260821T161838Z_silicon-325,silicon-325,D,45.0,45.0,435952,0.0215,1
20260821T161838Z_silicon-325,silicon-325,D,45.0,45.0,436338,0.0215,1
20260821T161838Z_silicon-325,silicon-325,D,45.0,45.0,436724,0.0221,0
20260821T161838Z_silicon-325,silicon-325,D,45.0,45.0,437094,0.0226,0
20260821T161838Z_silicon-325,silicon-325,D,45.0,45.0,437480,0.0267,0
20260821T161838Z_silicon-325,silicon-325,D,45.0,45.0,437866,0.028,0
20260821T161838Z_silicon-325,silicon-325,D,45.0,45.0,438246,0.0314,0
20260821T161838Z_silicon-325,silicon-325,D,45.0,45.0,438633,0.0315,0
20260821T161838Z_silicon-325,silicon-325,D,45.0,45.0,439019,0.0319,0
20260821T161838Z_silicon-325,silicon-325,D,45.0,45.0,439390,0.0323,0
20260821T161838Z_silicon-325,silicon-325,D,45.0,45.0,439777,0.0328,0
20260821T161838Z_silicon-325,silicon-325,D,45.0,45.0,440163,0.0333,0
20260821T161838Z_silicon-325,silicon-325,D,45.0,90.0,447902,0.0354,1
20260821T161838Z_silicon-325,silicon-325,D,45.0,90.0,448289,0.0354,1
20260821T161838Z_silicon-325,silicon-325,D,45.0,90.0,448675,0.0354,1
20260821T161838Z_silicon-325,silicon-325,D,45.0,90.0,449061,0.0354,1
20260821T161838Z_silicon-325,silicon-325,D,45.0,90.0,449433,0.0354,1
20260821T161838Z_silicon-325,silicon-325,D,45.0,90.0,449820,0.0363,0
20260821T161838Z_silicon-325,silicon-325,D,45.0,90.0,450206,0.0373,0
20260821T161838Z_silicon-325,silicon-325,D,45.0,90.0,450578,0.0443,0
20260821T170712Z_barium-chloride,barium-chloride,D,45.0,15.0,408723,0.0,1
20260821T170712Z_barium-chloride,barium-chloride,D,45.0,15.0,409109,0.0,1
20260821T170712Z_barium-chloride,barium-chloride,D,45.0,15.0,409481,0.0095,0
20260821T170712Z_barium-chloride,barium-chloride,D,45.0,15.0,409868,0.0146,0
20260821T170712Z_barium-chloride,barium-chloride,D,45.0,15.0,410254,0.0175,0
20260821T170712Z_barium-chloride,barium-chloride,D,45.0,15.0,410627,0.0177,0
20260821T170712Z_barium-chloride,barium-chloride,D,45.0,15.0,411014,0.0183,0
20260821T170712Z_barium-chloride,barium-chloride,D,45.0,15.0,411400,0.0238,0
20260821T170712Z_barium-chloride,barium-chloride,D,45.0,15.0,411786,0.0271,0
20260821T170712Z_barium-chloride,barium-chloride,D,45.0,15.0,412158,0.0342,0
20260821T170712Z_barium-chloride,barium-chloride,D,45.0,15.0,412544,0.0884,0
20260821T170712Z_barium-chloride,barium-chloride,D,45.0,15.0,412930,0.112,0
20260821T170712Z_barium-chloride,barium-chloride,D,45.0,15.0,413316,0.1309,0
20260821T170712Z_barium-chloride,barium-chloride,D,45.0,15.0,413688,0.1464,0
20260821T170712Z_barium-chloride,barium-chloride,D,45.0,15.0,414074,0.1532,0
20260821T170712Z_barium-chloride,barium-chloride,D,45.0,15.0,414460,0.1539,0
20260821T170712Z_barium-chloride,barium-chloride,D,45.0,15.0,414846,0.1544,0
20260821T170712Z_barium-chloride,barium-chloride,D,45.0,15.0,415217,0.158,0
20260821T170712Z_barium-chloride,barium-chloride,D,45.0,15.0,415604,0.1615,0
20260821T170712Z_barium-chloride,barium-chloride,D,45.0,15.0,415990,0.179,0
20260821T170712Z_barium-chloride,barium-chloride,D,45.0,15.0,416376,0.2306,0
20260821T170712Z_barium-chloride,barium-chloride,D,45.0,15.0,416747,0.2734,0
20260821T170712Z_barium-chloride,barium-chloride,D,45.0,15.0,417134,0.2947,0
20260821T170712Z_barium-chloride,barium-chloride,D,45.0,15.0,417520,0.314,0
20260821T170712Z_barium-chloride,barium-chloride,D,45.0,15.0,417906,0.3234,0
20260821T170712Z_barium-chloride,barium-chloride,D,45.0,15.0,418278,0.3282,0
20260821T170712Z_barium-chloride,barium-chloride,D,45.0,15.0,418664,0.3287,0
20260821T170712Z_barium-chloride,barium-chloride,D,45.0,15.0,419050,0.3328,0
20260821T170712Z_barium-chloride,barium-chloride,D,45.0,15.0,419429,0.3425,0
20260821T170712Z_barium-chloride,barium-chloride,D,45.0,15.0,419816,0.3648,0
20260821T170712Z_barium-chloride,barium-chloride,D,45.0,15.0,420202,0.4186,0
20260821T170712Z_barium-chloride,barium-chloride,D,45.0,15.0,420573,0.464,0
20260821T170712Z_barium-chloride,barium-chloride,D,45.0,15.0,420960,0.4851,0
20260821T170712Z_barium-chloride,barium-chloride,D,45.0,15.0,421346,0.5087,0
20260821T170712Z_barium-chloride,barium-chloride,D,45.0,15.0,421732,0.5256,0
20260821T170712Z_barium-chloride,barium-chloride,D,45.0,15.0,422103,0.5308,0
20260821T170712Z_barium-chloride,barium-chloride,D,45.0,15.0,422489,0.5307,0
20260821T170712Z_barium-chloride,barium-chloride,D,45.0,15.0,422875,0.5316,0
20260821T170712Z_barium-chloride,barium-chloride,D,45.0,15.0,423261,0.5412,0
20260821T170712Z_barium-chloride,barium-chloride,D,45.0,15.0,423634,0.5545,0
20260821T170712Z_barium-chloride,barium-chloride,D,45.0,15.0,424020,0.5968,0
20260821T170712Z_barium-chloride,barium-chloride,D,45.0,15.0,424406,0.6616,0
20260821T170712Z_barium-chloride,barium-chloride,D,45.0,15.0,424792,0.6889,0
20260821T170712Z_barium-chloride,barium-chloride,D,45.0,15.0,425164,0.7065,0
20260821T170712Z_barium-chloride,barium-chloride,D,45.0,15.0,425550,0.7263,0
20260821T170712Z_barium-chloride,barium-chloride,D,45.0,15.0,425936,0.7348,0
20260821T170712Z_barium-chloride,barium-chloride,D,45.0,15.0,426323,0.7387,0
20260821T170712Z_barium-chloride,barium-chloride,D,45.0,15.0,426693,0.7391,0
20260821T170712Z_barium-chloride,barium-chloride,D,45.0,45.0,434447,0.783,1
20260821T170712Z_barium-chloride,barium-chloride,D,45.0,45.0,434833,0.783,1
20260821T170712Z_barium-chloride,barium-chloride,D,45.0,45.0,435205,0.7953,0
20260821T170712Z_barium-chloride,barium-chloride,D,45.0,45.0,435591,0.8477,0
20260821T170712Z_barium-chloride,barium-chloride,D,45.0,45.0,435977,0.8788,0
20260821T170712Z_barium-chloride,barium-chloride,D,45.0,45.0,436363,0.8816,0
20260821T170712Z_barium-chloride,barium-chloride,D,45.0,45.0,436735,0.8935,0
20260821T170712Z_barium-chloride,barium-chloride,D,45.0,45.0,437121,0.8958,0
20260821T170712Z_barium-chloride,barium-chloride,D,45.0,45.0,437507,0.8964,0
20260821T170712Z_barium-chloride,barium-chloride,D,45.0,45.0,437893,0.897,0
20260821T170712Z_barium-chloride,barium-chloride,D,45.0,45.0,438265,0.8977,0
20260821T170712Z_barium-chloride,barium-chloride,D,45.0,45.0,438651,0.9044,0
20260821T170712Z_barium-chloride,barium-chloride,D,45.0,45.0,439037,0.9056,0
20260821T170712Z_barium-chloride,barium-chloride,D,45.0,45.0,439423,0.9066,0
20260821T170712Z_barium-chloride,barium-chloride,D,45.0,45.0,439794,0.9113,0
20260821T170712Z_barium-chloride,barium-chloride,D,45.0,45.0,440180,0.9116,0
20260821T170712Z_barium-chloride,barium-chloride,D,45.0,90.0,447932,0.9184,1
20260821T170712Z_barium-chloride,barium-chloride,D,45.0,90.0,448318,0.9184,1
20260821T170712Z_barium-chloride,barium-chloride,D,45.0,90.0,448689,0.9184,1
20260821T170712Z_barium-chloride,barium-chloride,D,45.0,90.0,449075,0.9285,0
20260821T170712Z_barium-chloride,barium-chloride,D,45.0,90.0,449461,0.9515,0
20260821T170712Z_barium-chloride,barium-chloride,D,45.0,90.0,449847,1.0326,0
20260821T170712Z_barium-chloride,barium-chloride,D,45.0,90.0,450219,1.0956,0
20260821T170712Z_barium-chloride,barium-chloride,D,45.0,90.0,450605,1.1878,0
20260821T182705Z_fumed-silica,fumed-silica,D,45.0,15.0,398970,-4.1978,1
20260821T182705Z_fumed-silica,fumed-silica,D,45.0,15.0,399357,-4.2044,0
20260821T182705Z_fumed-silica,fumed-silica,D,45.0,15.0,399729,-4.2053,0
20260821T182705Z_fumed-silica,fumed-silica,D,45.0,15.0,400115,-4.1995,0
20260821T182705Z_fumed-silica,fumed-silica,D,45.0,15.0,400502,-4.2006,0
20260821T182705Z_fumed-silica,fumed-silica,D,45.0,15.0,400888,-4.2013,0
20260821T182705Z_fumed-silica,fumed-silica,D,45.0,15.0,401259,-4.2011,0
20260821T182705Z_fumed-silica,fumed-silica,D,45.0,15.0,401646,-4.2063,0
20260821T182705Z_fumed-silica,fumed-silica,D,45.0,15.0,402033,-4.2036,0
20260821T182705Z_fumed-silica,fumed-silica,D,45.0,15.0,402406,-4.2025,0
20260821T182705Z_fumed-silica,fumed-silica,D,45.0,15.0,402792,-4.2022,0
20260821T182705Z_fumed-silica,fumed-silica,D,45.0,15.0,403179,-4.2022,0
20260821T182705Z_fumed-silica,fumed-silica,D,45.0,15.0,403565,-4.2022,0
20260821T182705Z_fumed-silica,fumed-silica,D,45.0,15.0,403936,-4.1952,0
20260821T182705Z_fumed-silica,fumed-silica,D,45.0,15.0,404322,-4.198,0
20260821T182705Z_fumed-silica,fumed-silica,D,45.0,15.0,404709,-4.1983,0
20260821T182705Z_fumed-silica,fumed-silica,D,45.0,15.0,405096,-4.1981,0
20260821T182705Z_fumed-silica,fumed-silica,D,45.0,15.0,405466,-4.1986,0
20260821T182705Z_fumed-silica,fumed-silica,D,45.0,15.0,405852,-4.2062,0
20260821T182705Z_fumed-silica,fumed-silica,D,45.0,15.0,406239,-4.1956,0
20260821T182705Z_fumed-silica,fumed-silica,D,45.0,15.0,406614,-4.2012,0
20260821T182705Z_fumed-silica,fumed-silica,D,45.0,15.0,407000,-4.2052,0
20260821T182705Z_fumed-silica,fumed-silica,D,45.0,15.0,407386,-4.2024,0
20260821T182705Z_fumed-silica,fumed-silica,D,45.0,15.0,407772,-4.2033,0
20260821T182705Z_fumed-silica,fumed-silica,D,45.0,15.0,408143,-4.2034,0
20260821T182705Z_fumed-silica,fumed-silica,D,45.0,15.0,408530,-4.1958,0
20260821T182705Z_fumed-silica,fumed-silica,D,45.0,15.0,408917,-4.1969,0
20260821T182705Z_fumed-silica,fumed-silica,D,45.0,15.0,409303,-4.1977,0
20260821T182705Z_fumed-silica,fumed-silica,D,45.0,15.0,409675,-4.2044,0
20260821T182705Z_fumed-silica,fumed-silica,D,45.0,15.0,410061,-4.2012,0
20260821T182705Z_fumed-silica,fumed-silica,D,45.0,15.0,410448,-4.2017,0
20260821T182705Z_fumed-silica,fumed-silica,D,45.0,15.0,410821,-4.2011,0
20260821T182705Z_fumed-silica,fumed-silica,D,45.0,15.0,411207,-4.2005,0
20260821T182705Z_fumed-silica,fumed-silica,D,45.0,15.0,411593,-4.1998,0
20260821T182705Z_fumed-silica,fumed-silica,D,45.0,15.0,411979,-4.2005,0
20260821T182705Z_fumed-silica,fumed-silica,D,45.0,15.0,412352,-4.1997,0
20260821T182705Z_fumed-silica,fumed-silica,D,45.0,15.0,412738,-4.2009,0
20260821T182705Z_fumed-silica,fumed-silica,D,45.0,15.0,413118,-4.2018,0
20260821T182705Z_fumed-silica,fumed-silica,D,45.0,15.0,413505,-4.1989,0
20260821T182705Z_fumed-silica,fumed-silica,D,45.0,15.0,413892,-4.1992,0
20260821T182705Z_fumed-silica,fumed-silica,D,45.0,15.0,414266,-4.202,0
20260821T182705Z_fumed-silica,fumed-silica,D,45.0,15.0,414652,-4.1999,0
20260821T182705Z_fumed-silica,fumed-silica,D,45.0,15.0,415038,-4.2084,0
20260821T182705Z_fumed-silica,fumed-silica,D,45.0,15.0,415411,-4.2018,0
20260821T182705Z_fumed-silica,fumed-silica,D,45.0,15.0,415798,-4.2008,0
20260821T182705Z_fumed-silica,fumed-silica,D,45.0,15.0,416184,-4.2002,0
20260821T182705Z_fumed-silica,fumed-silica,D,45.0,15.0,416570,-4.2005,0
20260821T182705Z_fumed-silica,fumed-silica,D,45.0,15.0,416941,-4.2067,0
20260821T182705Z_fumed-silica,fumed-silica,D,45.0,45.0,424695,-4.1966,1
20260821T182705Z_fumed-silica,fumed-silica,D,45.0,45.0,425082,-4.2158,0
20260821T182705Z_fumed-silica,fumed-silica,D,45.0,45.0,425453,-4.2507,0
20260821T182705Z_fumed-silica,fumed-silica,D,45.0,45.0,425839,-4.2391,0
20260821T182705Z_fumed-silica,fumed-silica,D,45.0,45.0,426225,-4.2365,0
20260821T182705Z_fumed-silica,fumed-silica,D,45.0,45.0,426612,-4.2359,0
20260821T182705Z_fumed-silica,fumed-silica,D,45.0,45.0,426983,-4.2344,0
20260821T182705Z_fumed-silica,fumed-silica,D,45.0,45.0,427369,-4.2333,0
20260821T182705Z_fumed-silica,fumed-silica,D,45.0,45.0,427755,-4.2314,0
20260821T182705Z_fumed-silica,fumed-silica,D,45.0,45.0,428141,-4.2333,0
20260821T182705Z_fumed-silica,fumed-silica,D,45.0,45.0,428513,-4.2381,0
20260821T182705Z_fumed-silica,fumed-silica,D,45.0,45.0,428899,-4.2386,0
20260821T182705Z_fumed-silica,fumed-silica,D,45.0,45.0,429285,-4.239,0
20260821T182705Z_fumed-silica,fumed-silica,D,45.0,45.0,429671,-4.2399,0
20260821T182705Z_fumed-silica,fumed-silica,D,45.0,45.0,430044,-4.231,0
20260821T182705Z_fumed-silica,fumed-silica,D,45.0,45.0,430430,-4.2356,0
20260821T182705Z_fumed-silica,fumed-silica,D,45.0,90.0,438179,-4.1947,0
20260821T182705Z_fumed-silica,fumed-silica,D,45.0,90.0,438566,-4.2003,0
20260821T182705Z_fumed-silica,fumed-silica,D,45.0,90.0,438938,-4.2319,0
20260821T182705Z_fumed-silica,fumed-silica,D,45.0,90.0,439324,-4.2548,0
20260821T182705Z_fumed-silica,fumed-silica,D,45.0,90.0,439711,-4.2562,0
20260821T182705Z_fumed-silica,fumed-silica,D,45.0,90.0,440084,-4.2671,0
20260821T182705Z_fumed-silica,fumed-silica,D,45.0,90.0,440470,-4.242,0
20260821T182705Z_fumed-silica,fumed-silica,D,45.0,90.0,440857,-4.2461,0
20260821T192031Z_salt,salt,D,45.0,15.0,386499,4.0212,1
20260821T192031Z_salt,salt,D,45.0,15.0,386886,4.0114,0
20260821T192031Z_salt,salt,D,45.0,15.0,387256,4.0121,0
20260821T192031Z_salt,salt,D,45.0,15.0,387642,4.0232,0
20260821T192031Z_salt,salt,D,45.0,15.0,388028,4.0289,0
20260821T192031Z_salt,salt,D,45.0,15.0,388414,4.0366,0
20260821T192031Z_salt,salt,D,45.0,15.0,388787,4.0417,0
20260821T192031Z_salt,salt,D,45.0,15.0,389173,4.0408,0
20260821T192031Z_salt,salt,D,45.0,15.0,389560,4.0456,0
20260821T192031Z_salt,salt,D,45.0,15.0,389934,4.0546,0
20260821T192031Z_salt,salt,D,45.0,15.0,390320,4.0684,0
20260821T192031Z_salt,salt,D,45.0,15.0,390706,4.1178,0
20260821T192031Z_salt,salt,D,45.0,15.0,391093,4.168,0
20260821T192031Z_salt,salt,D,45.0,15.0,391465,4.1993,0
20260821T192031Z_salt,salt,D,45.0,15.0,391851,4.219,0
20260821T192031Z_salt,salt,D,45.0,15.0,392237,4.2301,0
20260821T192031Z_salt,salt,D,45.0,15.0,392623,4.2291,0
20260821T192031Z_salt,salt,D,45.0,15.0,392994,4.2377,0
20260821T192031Z_salt,salt,D,45.0,15.0,393380,4.2365,0
20260821T192031Z_salt,salt,D,45.0,15.0,393766,4.238,0
20260821T192031Z_salt,salt,D,45.0,15.0,394152,4.2522,0
20260821T192031Z_salt,salt,D,45.0,15.0,394524,4.2807,0
20260821T192031Z_salt,salt,D,45.0,15.0,394910,4.3338,0
20260821T192031Z_salt,salt,D,45.0,15.0,395296,4.3704,0
20260821T192031Z_salt,salt,D,45.0,15.0,395682,4.3928,0
20260821T192031Z_salt,salt,D,45.0,15.0,396054,4.4086,0
20260821T192031Z_salt,salt,D,45.0,15.0,396440,4.4148,0
20260821T192031Z_salt,salt,D,45.0,15.0,396826,4.424,0
20260821T192031Z_salt,salt,D,45.0,15.0,397212,4.4268,0
20260821T192031Z_salt,salt,D,45.0,15.0,397585,4.4259,0
20260821T192031Z_salt,salt,D,45.0,15.0,397971,4.4363,0
20260821T192031Z_salt,salt,D,45.0,15.0,398357,4.4585,0
20260821T192031Z_salt,salt,D,45.0,15.0,398731,4.5019,0
20260821T192031Z_salt,salt,D,45.0,15.0,399117,4.5519,0
20260821T192031Z_salt,salt,D,45.0,15.0,399503,4.5731,0
20260821T192031Z_salt,salt,D,45.0,15.0,399889,4.5975,0
20260821T192031Z_salt,salt,D,45.0,15.0,400275,4.6068,0
20260821T192031Z_salt,salt,D,45.0,15.0,400644,4.613,0
20260821T192031Z_salt,salt,D,45.0,15.0,401030,4.6141,0
20260821T192031Z_salt,salt,D,45.0,15.0,401410,4.6137,0
20260821T192031Z_salt,salt,D,45.0,15.0,401797,4.6182,0
20260821T192031Z_salt,salt,D,45.0,15.0,402183,4.6247,0
20260821T192031Z_salt,salt,D,45.0,15.0,402569,4.6447,0
20260821T192031Z_salt,salt,D,45.0,15.0,402941,4.6987,0
20260821T192031Z_salt,salt,D,45.0,15.0,403327,4.7415,0
20260821T192031Z_salt,salt,D,45.0,15.0,403714,4.7678,0
20260821T192031Z_salt,salt,D,45.0,15.0,404087,4.7745,0
20260821T192031Z_salt,salt,D,45.0,15.0,404474,4.7777,0
20260821T192031Z_salt,salt,D,45.0,45.0,412216,4.7781,1
20260821T192031Z_salt,salt,D,45.0,45.0,412603,4.7701,0
20260821T192031Z_salt,salt,D,45.0,45.0,412990,4.7556,0
20260821T192031Z_salt,salt,D,45.0,45.0,413364,4.8033,0
20260821T192031Z_salt,salt,D,45.0,45.0,413750,4.8735,0
20260821T192031Z_salt,salt,D,45.0,45.0,414136,4.8902,0
20260821T192031Z_salt,salt,D,45.0,45.0,414522,4.9083,0
20260821T192031Z_salt,salt,D,45.0,45.0,414893,5.0,0
20260821T192031Z_salt,salt,D,45.0,45.0,415279,5.036,0
20260821T192031Z_salt,salt,D,45.0,45.0,415665,5.0437,0
20260821T192031Z_salt,salt,D,45.0,45.0,416051,5.1014,0
20260821T192031Z_salt,salt,D,45.0,45.0,416423,5.1733,0
20260821T192031Z_salt,salt,D,45.0,45.0,416809,5.1839,0
20260821T192031Z_salt,salt,D,45.0,45.0,417195,5.2204,0
20260821T192031Z_salt,salt,D,45.0,45.0,417581,5.3001,0
20260821T192031Z_salt,salt,D,45.0,45.0,417954,5.34,0
20260821T192031Z_salt,salt,D,45.0,90.0,425707,5.4342,0
20260821T192031Z_salt,salt,D,45.0,90.0,426094,5.4389,0
20260821T192031Z_salt,salt,D,45.0,90.0,426465,5.4555,0
20260821T192031Z_salt,salt,D,45.0,90.0,426852,5.5083,0
20260821T192031Z_salt,salt,D,45.0,90.0,427238,5.5878,0
20260821T192031Z_salt,salt,D,45.0,90.0,427613,5.6362,0
20260821T192031Z_salt,salt,D,45.0,90.0,427999,5.7206,0
20260821T192031Z_salt,salt,D,45.0,90.0,428385,5.7814,0
